{
	"format_version": "1.10.0",
	"geometry.model": {
		"texturewidth": 64,
		"textureheight": 64,
		"visible_bounds_width": 3,
		"visible_bounds_height": 4,
		"visible_bounds_offset": [0, 1, 0],
		"bones": [
			{
				"name": "head",
				"pivot": [0, 16.75, 0],
				"cubes": [
					{"origin": [-4, 16.7, -4], "size": [8, 8, 8], "uv": [0, 16]},
					{"origin": [-4.25, 16.45, -4.25], "size": [8.5, 8.5, 8.5], "uv": [0, 0]},
					{"origin": [-4, 15.7, -4], "size": [8, 1, 8], "uv": [24, 8]}
				]
			},
			{
				"name": "bone108",
				"parent": "head",
				"pivot": [-4.9, 24.5, -2.4],
				"rotation": [-95.96391, -6.1861, -46.53896],
				"cubes": [
					{"origin": [-4.07331, 24.5, -2.57504], "size": [0.9, 0.2, 0.1], "uv": [46, 36]}
				]
			},
			{
				"name": "bone12",
				"parent": "bone108",
				"pivot": [-4.9, 24.5, -4.1],
				"rotation": [0, -11.5, 0]
			},
			{
				"name": "bone103",
				"parent": "bone12",
				"pivot": [-7.46094, 24.5, -1.79098],
				"cubes": [
					{"origin": [-6.56225, 24.5, -2.44129], "size": [1, 0.2, 0.1], "uv": [59, 40]}
				]
			},
			{
				"name": "bone104",
				"parent": "bone12",
				"pivot": [-7.46094, 24.5, -1.79098],
				"rotation": [0, -72, 0],
				"cubes": [
					{"origin": [-8.70661, 24.5, -2.91574], "size": [1, 0.2, 0.1], "uv": [59, 40]}
				]
			},
			{
				"name": "bone105",
				"parent": "bone12",
				"pivot": [-7.46094, 24.5, -1.79098],
				"rotation": [0, -144, 0],
				"cubes": [
					{"origin": [-9.82048, 24.5, -1.02295], "size": [1, 0.2, 0.1], "uv": [59, 40]}
				]
			},
			{
				"name": "bone106",
				"parent": "bone12",
				"pivot": [-7.46094, 24.5, -1.79098],
				"rotation": [0, -216, 0],
				"cubes": [
					{"origin": [-8.36453, 24.5, 0.62131], "size": [1, 0.2, 0.1], "uv": [59, 40]}
				]
			},
			{
				"name": "bone107",
				"parent": "bone12",
				"pivot": [-7.46094, 24.5, -1.79098],
				"rotation": [0, -288, 0],
				"cubes": [
					{"origin": [-6.34594, 24.5, -0.18617], "size": [1, 0.2, 0.1], "uv": [59, 40]}
				]
			},
			{
				"name": "bone5",
				"parent": "bone108",
				"pivot": [-3.9, 24.5, -2.5]
			},
			{
				"name": "bone6",
				"parent": "bone5",
				"pivot": [-3.9, 24.5, -2.5],
				"cubes": [
					{"origin": [-5.47331, 24.5, -3.37504], "size": [1, 0.2, 1.7], "uv": [59, 40]}
				]
			},
			{
				"name": "bone7",
				"parent": "bone5",
				"pivot": [-3.9, 24.5, -2.5],
				"rotation": [0, -60, 0],
				"cubes": [
					{"origin": [-4.97222, 24.5, -2.42499], "size": [1, 0.2, 1.7], "uv": [59, 40]},
					{"origin": [-4.87222, 24.4, -1.02499], "size": [0.8, 0.4, 0.1], "uv": [40, 29]}
				]
			},
			{
				"name": "bone9",
				"parent": "bone5",
				"pivot": [-3.9, 24.5, -2.5],
				"rotation": [0, -180, 0],
				"cubes": [
					{"origin": [-3.31911, 24.5, -1.68857], "size": [1, 0.2, 0.1], "uv": [59, 40]},
					{"origin": [-3.21911, 24.4, -1.88857], "size": [0.8, 0.4, 0.1], "uv": [40, 29]}
				]
			},
			{
				"name": "bone10",
				"parent": "bone5",
				"pivot": [-3.9, 24.5, -2.5],
				"rotation": [0, -240, 0],
				"cubes": [
					{"origin": [-3.82024, 24.5, -2.64735], "size": [1, 0.2, 0.1], "uv": [59, 40]}
				]
			},
			{
				"name": "bone11",
				"parent": "bone5",
				"pivot": [-3.9, 24.5, -2.5],
				"rotation": [0, -300, 0],
				"cubes": [
					{"origin": [-4.90113, 24.5, -4.19275], "size": [1, 0.2, 1.6], "uv": [59, 40]},
					{"origin": [-4.80113, 24.4, -2.89275], "size": [0.8, 0.4, 0.1], "uv": [40, 29]}
				]
			},
			{
				"name": "ahoge",
				"parent": "head",
				"pivot": [0, 26, 0],
				"cubes": [
					{"origin": [-2, 25, 0], "size": [4, 5, 0], "uv": [16, 32]}
				]
			},
			{
				"name": "blink",
				"parent": "head",
				"pivot": [0, 18, 0],
				"cubes": [
					{"origin": [-4, 16.7, -4.001], "size": [8, 8, 0], "uv": [24, 0]}
				]
			},
			{
				"name": "bone",
				"parent": "head",
				"pivot": [0.5, 18, 0.25]
			},
			{
				"name": "bone2",
				"parent": "bone",
				"pivot": [0, 26.125, -2]
			},
			{
				"name": "bone3",
				"parent": "bone2",
				"pivot": [2.5, 26.125, -2],
				"rotation": [0, 0, 7.5],
				"cubes": [
					{"origin": [0.25, 23.5, -3.25], "size": [4.5, 4.5, 2.5], "uv": [40, 0], "inflate": -1},
					{"origin": [1, 23.5, -3], "size": [3, 5.25, 2.75], "uv": [0, 42], "inflate": -1}
				]
			},
			{
				"name": "bone4",
				"parent": "bone2",
				"pivot": [-2.5, 26.125, -2],
				"rotation": [0, 0, -7.5],
				"cubes": [
					{"origin": [-4, 23.75, -3], "size": [3, 5, 2.75], "uv": [0, 42], "inflate": -1},
					{"origin": [-4.75, 23.5, -3.25], "size": [4.5, 4.5, 2.5], "uv": [40, 0], "inflate": -1}
				]
			},
			{
				"name": "hair",
				"parent": "head",
				"pivot": [0, 18, 0]
			},
			{
				"name": "armRight",
				"pivot": [-3, 16.25, 0],
				"rotation": [0, 0, 25],
				"cubes": [
					{"origin": [-5.29583, 8.53441, -1], "size": [2, 7.35, 2], "uv": [28, 40], "mirror": true},
					{"origin": [-5.54583, 8.28441, -1.25], "size": [2.5, 3.6, 2.5], "uv": [41, 17], "mirror": true}
				]
			},
			{
				"name": "armLeft",
				"pivot": [3, 16, 0],
				"rotation": [0, 0, -25],
				"cubes": [
					{"origin": [3.15149, 8.26099, -1.25], "size": [2.5, 3.6, 2.5], "uv": [41, 17]},
					{"origin": [3.40149, 8.51099, -1], "size": [2, 7.35, 2], "uv": [28, 40]}
				]
			},
			{
				"name": "body",
				"pivot": [0, 10.5, 0],
				"cubes": [
					{"origin": [-3, 8.199, -3], "size": [6, 8.5, 6], "uv": [26, 26]}
				]
			},
			{
				"name": "sittingRotationSkirt",
				"parent": "body",
				"pivot": [0, 10.5, 0]
			},
			{
				"name": "bone8",
				"parent": "body",
				"pivot": [0, 10.5, 0],
				"cubes": [
					{"origin": [-3.25, 7.949, -3.05], "size": [6.5, 9, 6.3], "uv": [0, 49]},
					{"origin": [-0.5, 13, -3.15], "size": [1, 3, 0], "uv": [44, 27]}
				]
			},
			{
				"name": "bone30",
				"parent": "bone8",
				"pivot": [0, 10.5, 0]
			},
			{
				"name": "bone31",
				"parent": "bone30",
				"pivot": [-0.85, 13.299, -3.15],
				"rotation": [4.07725, -12.25697, -20.1593],
				"cubes": [
					{"origin": [-2.05675, 10.28188, -2.95548], "size": [2.5, 6, 0], "uv": [25, 49]}
				]
			},
			{
				"name": "bone32",
				"parent": "bone30",
				"pivot": [0.96035, 13.20996, -2.953],
				"rotation": [177.47687, -7.67439, -161.39742],
				"cubes": [
					{"origin": [-0.28965, 10.20996, -2.92303], "size": [2.5, 6, 0], "uv": [25, 49]}
				]
			},
			{
				"name": "legLeft",
				"pivot": [2, 9, 0],
				"cubes": [
					{"origin": [0.249, 0.25, -1.25], "size": [2.5, 8.25, 2.5], "uv": [8, 32]},
					{"origin": [-0.001, 0, -1.5], "size": [3, 3, 3], "uv": [52, 27]}
				]
			},
			{
				"name": "legRight",
				"pivot": [-2, 9, 0.25],
				"cubes": [
					{"origin": [-2.749, 0.25, -1.25], "size": [2.5, 8.25, 2.5], "uv": [8, 32], "mirror": true},
					{"origin": [-2.999, 0, -1.5], "size": [3, 3, 3], "uv": [52, 27]}
				]
			},
			{
				"name": "tail",
				"pivot": [0, 10, 4.75]
			},
			{
				"name": "tailIn",
				"parent": "tail",
				"pivot": [0, 8.75, 4],
				"rotation": [-47.5, 0, 0],
				"cubes": [
					{"origin": [-1, 9.06696, 3.32027], "size": [2, 2, 5], "uv": [24, 17]}
				]
			},
			{
				"name": "bone13",
				"pivot": [0, 4.5, 0]
			},
			{
				"name": "bone14",
				"parent": "bone13",
				"pivot": [0, 4.5, 0]
			},
			{
				"name": "bone15",
				"parent": "bone14",
				"pivot": [0, 4.5, 4.94392],
				"rotation": [14, 0, 0],
				"cubes": [
					{"origin": [-3, 4.02972, 4.84392], "size": [6, 8, 0.1], "uv": [18, 56]}
				]
			},
			{
				"name": "bone16",
				"parent": "bone15",
				"pivot": [-3, 4.02972, 4.94392],
				"rotation": [0, 0, 13.59981],
				"cubes": [
					{"origin": [-5, 4.02972, 4.84292], "size": [2, 8, 0.1], "uv": [24, 56]}
				]
			},
			{
				"name": "bone36",
				"parent": "bone16",
				"pivot": [-2.93601, 7.20942, 5.2794],
				"rotation": [21.59309, 3.54982, -44.40949],
				"cubes": [
					{"origin": [-5.31469, 4.43373, 3.94676], "size": [0.2, 1, 0.25], "uv": [48, 3]},
					{"origin": [-6.11469, 4.43373, 3.94676], "size": [0.2, 1, 0.25], "uv": [48, 3]},
					{"origin": [-5.91469, 4.43373, 3.94676], "size": [0.6, 0.2, 0.25], "uv": [48, 3]},
					{"origin": [-5.91469, 5.23373, 3.94676], "size": [0.6, 0.2, 0.25], "uv": [48, 3]}
				]
			},
			{
				"name": "bone17",
				"parent": "bone15",
				"pivot": [3, 4.02972, 4.94392],
				"rotation": [0, 0, -13.59981],
				"cubes": [
					{"origin": [3.00337, 3.91757, 4.84492], "size": [2, 8, 0.1], "uv": [24, 56]}
				]
			},
			{
				"name": "bone37",
				"parent": "bone17",
				"pivot": [3.02211, 3.41458, 5.13119],
				"rotation": [6.79579, 15.15065, -43.94376],
				"cubes": [
					{"origin": [3.32211, 2.91458, 5.00619], "size": [0.2, 1, 0.25], "uv": [48, 3]},
					{"origin": [2.52211, 2.91458, 5.00619], "size": [0.2, 1, 0.25], "uv": [48, 3]},
					{"origin": [2.72211, 2.91458, 5.00619], "size": [0.6, 0.2, 0.25], "uv": [48, 3]},
					{"origin": [2.72211, 3.71458, 5.00619], "size": [0.6, 0.2, 0.25], "uv": [48, 3]}
				]
			},
			{
				"name": "bone18",
				"parent": "bone13",
				"pivot": [0, 4.5, 0],
				"rotation": [0, -90, 0]
			},
			{
				"name": "bone19",
				"parent": "bone18",
				"pivot": [0, 4.5, 4.94392],
				"rotation": [14, 0, 0],
				"cubes": [
					{"origin": [-2, 4.02972, 4.84392], "size": [5, 8, 0.1], "uv": [20, 56]},
					{"origin": [-1.25, 6.5, 3.94392], "size": [2.5, 5.5, 2.5], "uv": [56, 56], "inflate": -1},
					{"origin": [-2.5, 6.5, 3.94392], "size": [2.5, 5.5, 2.5], "uv": [56, 56], "inflate": -1}
				]
			},
			{
				"name": "bone20",
				"parent": "bone19",
				"pivot": [-3, 4.02972, 4.94392],
				"rotation": [0, 0, 13.59981],
				"cubes": [
					{"origin": [-4.9, 4.02972, 4.84292], "size": [1.9, 8, 0.1], "uv": [24, 56]},
					{"origin": [-5.5, 6.5, 3.94392], "size": [2.5, 5.5, 2.5], "uv": [56, 56], "inflate": -1}
				]
			},
			{
				"name": "bone21",
				"parent": "bone19",
				"pivot": [3, 4.02972, 4.94392],
				"rotation": [0, 0, -13.59981],
				"cubes": [
					{"origin": [3, 4.02972, 4.84492], "size": [2, 8, 0.1], "uv": [24, 56]}
				]
			},
			{
				"name": "bone35",
				"parent": "bone21",
				"pivot": [2.83995, 3.52266, 5.09926],
				"rotation": [19.47907, -0.25562, -36.75082],
				"cubes": [
					{"origin": [3.13995, 3.02266, 4.97426], "size": [0.2, 1, 0.25], "uv": [48, 3]},
					{"origin": [2.33995, 3.02266, 4.97426], "size": [0.2, 1, 0.25], "uv": [48, 3]},
					{"origin": [2.53995, 3.02266, 4.97426], "size": [0.6, 0.2, 0.25], "uv": [48, 3]},
					{"origin": [2.53995, 3.82266, 4.97426], "size": [0.6, 0.2, 0.25], "uv": [48, 3]}
				]
			},
			{
				"name": "bone34",
				"parent": "bone19",
				"pivot": [-2.15, 7.35, 5.21892],
				"rotation": [20.76185, 5.16249, -37.19481],
				"cubes": [
					{"origin": [-1.85, 6.85, 5.09392], "size": [0.2, 1, 0.25], "uv": [48, 3]},
					{"origin": [-2.65, 6.85, 5.09392], "size": [0.2, 1, 0.25], "uv": [48, 3]},
					{"origin": [-2.45, 6.85, 5.09392], "size": [0.6, 0.2, 0.25], "uv": [48, 3]},
					{"origin": [-2.45, 7.65, 5.09392], "size": [0.6, 0.2, 0.25], "uv": [48, 3]}
				]
			},
			{
				"name": "bone22",
				"parent": "bone13",
				"pivot": [0, 4.5, 0],
				"rotation": [0, -180, 0]
			},
			{
				"name": "bone23",
				"parent": "bone22",
				"pivot": [0, 4.5, 4.94392],
				"rotation": [14, 0, 0]
			},
			{
				"name": "bone24",
				"parent": "bone23",
				"pivot": [-3, 4.02972, 4.94392],
				"rotation": [0, 0, 13.59981],
				"cubes": [
					{"origin": [-5.00569, 4.05324, 4.74589], "size": [2, 8, 0.1], "uv": [24, 56]},
					{"origin": [-5.5, 6.5, 3.94392], "size": [2.5, 5.5, 2.5], "uv": [56, 56], "inflate": -1}
				]
			},
			{
				"name": "bone25",
				"parent": "bone23",
				"pivot": [3, 4.02972, 4.94392],
				"rotation": [0, 0, -13.59981],
				"cubes": [
					{"origin": [3.00569, 4.05324, 4.74789], "size": [2, 8, 0.1], "uv": [24, 56]},
					{"origin": [2.75, 6.5, 3.94392], "size": [2.5, 5.5, 2.5], "uv": [56, 56], "inflate": -1}
				]
			},
			{
				"name": "bone26",
				"parent": "bone13",
				"pivot": [0, 4.5, 0],
				"rotation": [0, -270, 0]
			},
			{
				"name": "bone27",
				"parent": "bone26",
				"pivot": [0, 4.5, 4.94392],
				"rotation": [14, 0, 0],
				"cubes": [
					{"origin": [-3, 4.02972, 4.74392], "size": [6, 8, 0.1], "uv": [18, 56]}
				]
			},
			{
				"name": "bone28",
				"parent": "bone27",
				"pivot": [-3, 4.02972, 4.94392],
				"rotation": [0, 0, 13.59981],
				"cubes": [
					{"origin": [-5, 4.02972, 4.84292], "size": [2, 8, 0.1], "uv": [23, 56]}
				]
			},
			{
				"name": "bone38",
				"parent": "bone28",
				"pivot": [-2.15, 7.35, 5.21892],
				"rotation": [20.76185, 5.16249, -37.19481],
				"cubes": [
					{"origin": [-4.86263, 4.57833, 3.81385], "size": [0.2, 1, 0.25], "uv": [48, 3]},
					{"origin": [-5.66263, 4.57833, 3.81385], "size": [0.2, 1, 0.25], "uv": [48, 3]},
					{"origin": [-5.46263, 4.57833, 3.81385], "size": [0.6, 0.2, 0.25], "uv": [48, 3]},
					{"origin": [-5.46263, 5.37833, 3.81385], "size": [0.6, 0.2, 0.25], "uv": [48, 3]}
				]
			},
			{
				"name": "bone29",
				"parent": "bone27",
				"pivot": [3, 4.02972, 4.94392],
				"rotation": [0, 0, -13.59981],
				"cubes": [
					{"origin": [3, 4.02972, 4.84492], "size": [1.9, 8, 0.1], "uv": [24, 56]},
					{"origin": [2.75, 6.5, 3.94392], "size": [2.5, 5.5, 2.5], "uv": [56, 56], "inflate": -1}
				]
			},
			{
				"name": "bone39",
				"parent": "bone29",
				"pivot": [2.89156, 3.39252, 4.98333],
				"rotation": [6.09319, 9.64877, -43.38399],
				"cubes": [
					{"origin": [3.19156, 2.89252, 4.85833], "size": [0.2, 1, 0.25], "uv": [48, 3]},
					{"origin": [2.39156, 2.89252, 4.85833], "size": [0.2, 1, 0.25], "uv": [48, 3]},
					{"origin": [2.59156, 2.89252, 4.85833], "size": [0.6, 0.2, 0.25], "uv": [48, 3]},
					{"origin": [2.59156, 3.69252, 4.85833], "size": [0.6, 0.2, 0.25], "uv": [48, 3]}
				]
			},
			{
				"name": "bone33",
				"parent": "bone27",
				"pivot": [0, 4.5, 4.94392],
				"cubes": [
					{"origin": [-0.25, 6.5, 3.94392], "size": [2.5, 5.5, 2.5], "uv": [56, 56], "inflate": -1},
					{"origin": [-1.5, 6.5, 3.94392], "size": [2.5, 5.5, 2.5], "uv": [56, 56], "inflate": -1}
				]
			}
		]
	}
}