{
	"format_version": "1.10.0",
	"geometry.model": {
		"texturewidth": 128,
		"textureheight": 128,
		"visible_bounds_width": 3,
		"visible_bounds_height": 4,
		"visible_bounds_offset": [0, 1, 0],
		"bones": [
			{
				"name": "head",
				"pivot": [0, 17, 0],
				"cubes": [
					{"origin": [-4, 16.95, -4], "size": [8, 8, 8], "uv": [32, 0]},
					{"origin": [-4.25, 16.7, -4.25], "size": [8.5, 8.5, 8.5], "uv": [0, 0]},
					{"origin": [-4.25, 15.6, -4.25], "size": [8.5, 1.1, 1], "uv": [0, 26]}
				]
			},
			{
				"name": "blink",
				"parent": "head",
				"pivot": [0, 18.25, 0],
				"cubes": [
					{"origin": [-4, 16.95, -4.001], "size": [8, 8, 0], "uv": [24, 0]}
				]
			},
			{
				"name": "hair",
				"parent": "head",
				"pivot": [0, 18.25, 0]
			},
			{
				"name": "bone3",
				"parent": "hair",
				"pivot": [-7, 20.45, 0],
				"rotation": [0, 10, 25],
				"cubes": [
					{"origin": [-7.22658, 11.34435, -1], "size": [1, 13, 1], "uv": [34, 16]}
				]
			},
			{
				"name": "bone12",
				"parent": "bone3",
				"pivot": [-7, 20.45, 0],
				"rotation": [-0.55404, 12.48791, -2.56062],
				"cubes": [
					{"origin": [-6.10769, 17.56697, 0.14219], "size": [1, 7, 0], "uv": [10, 30]}
				]
			},
			{
				"name": "bone14",
				"parent": "bone12",
				"pivot": [-7, 18.45, 0],
				"rotation": [0, 0, 10],
				"cubes": [
					{"origin": [-8.00769, 13.76697, 0.14219], "size": [1, 10, 0], "uv": [6, 30]}
				]
			},
			{
				"name": "bone4",
				"parent": "hair",
				"pivot": [7.1, 19.95, 0],
				"rotation": [0, 22.5, -25],
				"cubes": [
					{"origin": [6.32658, 10.84435, -0.8], "size": [1, 13, 1], "uv": [34, 16]}
				]
			},
			{
				"name": "bone11",
				"parent": "bone4",
				"pivot": [7.1, 19.95, 0],
				"rotation": [-1.03509, -22.47741, 2.70569],
				"cubes": [
					{"origin": [5.09231, 17.26697, -0.35781], "size": [1, 7, 0], "uv": [8, 30]}
				]
			},
			{
				"name": "bone13",
				"parent": "bone11",
				"pivot": [7.1, 19.95, 0],
				"rotation": [-0.32652, 2.4786, -7.50706],
				"cubes": [
					{"origin": [6.89231, 12.26697, -0.35781], "size": [1, 11, 0], "uv": [4, 30]}
				]
			},
			{
				"name": "bone6",
				"parent": "hair",
				"pivot": [0, 18.25, 0]
			},
			{
				"name": "bone7",
				"parent": "bone6",
				"pivot": [-4.5, 24, -0.5],
				"rotation": [0, 0, 5]
			},
			{
				"name": "bone5",
				"parent": "bone7",
				"pivot": [5, 23.25, -0.5],
				"cubes": [
					{"origin": [-5.35, 18.75, -1.25], "size": [1.6, 10, 1.5], "uv": [0, 30]}
				]
			},
			{
				"name": "tuzi4",
				"parent": "bone5",
				"pivot": [5, 23.25, -0.5],
				"cubes": [
					{"origin": [-4.9, 26.25, -1.35], "size": [0.1, 0.5, 0.1], "uv": [2, 68]},
					{"origin": [-5, 25.85, -1.35], "size": [0.1, 0.4, 0.1], "uv": [2, 68]},
					{"origin": [-4.2, 25.85, -1.35], "size": [0.1, 0.4, 0.1], "uv": [2, 68]},
					{"origin": [-4.8, 25.65, -1.35], "size": [0.5, 0.1, 0.1], "uv": [2, 68]},
					{"origin": [-4.7, 26.35, -1.35], "size": [0.1, 0.4, 0.1], "uv": [2, 68]},
					{"origin": [-4.8, 26.75, -1.35], "size": [0.1, 0.1, 0.1], "uv": [2, 68]},
					{"origin": [-4.3, 26.25, -1.35], "size": [0.1, 0.5, 0.1], "uv": [2, 68]},
					{"origin": [-4.6, 26.25, -1.35], "size": [0.1, 0.1, 0.1], "uv": [2, 68]},
					{"origin": [-4.9, 25.75, -1.35], "size": [0.1, 0.1, 0.1], "uv": [2, 68]},
					{"origin": [-4.3, 25.75, -1.35], "size": [0.1, 0.1, 0.1], "uv": [2, 68]},
					{"origin": [-4.4, 26.75, -1.35], "size": [0.1, 0.1, 0.1], "uv": [2, 68]},
					{"origin": [-4.5, 26.35, -1.35], "size": [0.1, 0.4, 0.1], "uv": [2, 68]}
				]
			},
			{
				"name": "tuzi5",
				"parent": "bone5",
				"pivot": [5, 21.75, -0.5],
				"cubes": [
					{"origin": [-4.9, 24.75, -1.35], "size": [0.1, 0.5, 0.1], "uv": [2, 68]},
					{"origin": [-5, 24.35, -1.35], "size": [0.1, 0.4, 0.1], "uv": [2, 68]},
					{"origin": [-4.2, 24.35, -1.35], "size": [0.1, 0.4, 0.1], "uv": [2, 68]},
					{"origin": [-4.8, 24.15, -1.35], "size": [0.5, 0.1, 0.1], "uv": [2, 68]},
					{"origin": [-4.7, 24.85, -1.35], "size": [0.1, 0.4, 0.1], "uv": [2, 68]},
					{"origin": [-4.8, 25.25, -1.35], "size": [0.1, 0.1, 0.1], "uv": [2, 68]},
					{"origin": [-4.3, 24.75, -1.35], "size": [0.1, 0.5, 0.1], "uv": [2, 68]},
					{"origin": [-4.6, 24.75, -1.35], "size": [0.1, 0.1, 0.1], "uv": [2, 68]},
					{"origin": [-4.9, 24.25, -1.35], "size": [0.1, 0.1, 0.1], "uv": [2, 68]},
					{"origin": [-4.3, 24.25, -1.35], "size": [0.1, 0.1, 0.1], "uv": [2, 68]},
					{"origin": [-4.4, 25.25, -1.35], "size": [0.1, 0.1, 0.1], "uv": [2, 68]},
					{"origin": [-4.5, 24.85, -1.35], "size": [0.1, 0.4, 0.1], "uv": [2, 68]}
				]
			},
			{
				"name": "tuzi6",
				"parent": "bone5",
				"pivot": [5, 23.25, -0.5],
				"cubes": [
					{"origin": [-4.9, 27.75, -1.35], "size": [0.1, 0.5, 0.1], "uv": [2, 68]},
					{"origin": [-5, 27.35, -1.35], "size": [0.1, 0.4, 0.1], "uv": [2, 68]},
					{"origin": [-4.2, 27.35, -1.35], "size": [0.1, 0.4, 0.1], "uv": [2, 68]},
					{"origin": [-4.8, 27.15, -1.35], "size": [0.5, 0.1, 0.1], "uv": [2, 68]},
					{"origin": [-4.7, 27.85, -1.35], "size": [0.1, 0.4, 0.1], "uv": [2, 68]},
					{"origin": [-4.8, 28.25, -1.35], "size": [0.1, 0.1, 0.1], "uv": [2, 68]},
					{"origin": [-4.3, 27.75, -1.35], "size": [0.1, 0.5, 0.1], "uv": [2, 68]},
					{"origin": [-4.6, 27.75, -1.35], "size": [0.1, 0.1, 0.1], "uv": [2, 68]},
					{"origin": [-4.9, 27.25, -1.35], "size": [0.1, 0.1, 0.1], "uv": [2, 68]},
					{"origin": [-4.3, 27.25, -1.35], "size": [0.1, 0.1, 0.1], "uv": [2, 68]},
					{"origin": [-4.4, 28.25, -1.35], "size": [0.1, 0.1, 0.1], "uv": [2, 68]},
					{"origin": [-4.5, 27.85, -1.35], "size": [0.1, 0.4, 0.1], "uv": [2, 68]}
				]
			},
			{
				"name": "bone8",
				"parent": "bone6",
				"pivot": [4.7, 23.25, -0.5],
				"rotation": [0, 0, -5],
				"cubes": [
					{"origin": [3.95, 18.75, -1], "size": [1.6, 10, 1.5], "uv": [0, 30]}
				]
			},
			{
				"name": "tuzi2",
				"parent": "bone8",
				"pivot": [4.7, 23.25, -0.5],
				"cubes": [
					{"origin": [4.4, 26.25, -1.1], "size": [0.1, 0.5, 0.1], "uv": [0, 68]},
					{"origin": [4.3, 25.85, -1.1], "size": [0.1, 0.4, 0.1], "uv": [0, 68]},
					{"origin": [5.1, 25.85, -1.1], "size": [0.1, 0.4, 0.1], "uv": [0, 68]},
					{"origin": [4.5, 25.65, -1.1], "size": [0.5, 0.1, 0.1], "uv": [0, 68]},
					{"origin": [4.6, 26.35, -1.1], "size": [0.1, 0.4, 0.1], "uv": [0, 68]},
					{"origin": [4.5, 26.75, -1.1], "size": [0.1, 0.1, 0.1], "uv": [0, 68]},
					{"origin": [5, 26.25, -1.1], "size": [0.1, 0.5, 0.1], "uv": [0, 68]},
					{"origin": [4.7, 26.25, -1.1], "size": [0.1, 0.1, 0.1], "uv": [0, 68]},
					{"origin": [4.4, 25.75, -1.1], "size": [0.1, 0.1, 0.1], "uv": [0, 68]},
					{"origin": [5, 25.75, -1.1], "size": [0.1, 0.1, 0.1], "uv": [0, 68]},
					{"origin": [4.9, 26.75, -1.1], "size": [0.1, 0.1, 0.1], "uv": [0, 68]},
					{"origin": [4.8, 26.35, -1.1], "size": [0.1, 0.4, 0.1], "uv": [0, 68]}
				]
			},
			{
				"name": "tuzi3",
				"parent": "bone8",
				"pivot": [4.7, 21.75, -0.5],
				"cubes": [
					{"origin": [4.4, 24.75, -1.1], "size": [0.1, 0.5, 0.1], "uv": [0, 68]},
					{"origin": [4.3, 24.35, -1.1], "size": [0.1, 0.4, 0.1], "uv": [0, 68]},
					{"origin": [5.1, 24.35, -1.1], "size": [0.1, 0.4, 0.1], "uv": [0, 68]},
					{"origin": [4.5, 24.15, -1.1], "size": [0.5, 0.1, 0.1], "uv": [0, 68]},
					{"origin": [4.6, 24.85, -1.1], "size": [0.1, 0.4, 0.1], "uv": [0, 68]},
					{"origin": [4.5, 25.25, -1.1], "size": [0.1, 0.1, 0.1], "uv": [0, 68]},
					{"origin": [5, 24.75, -1.1], "size": [0.1, 0.5, 0.1], "uv": [0, 68]},
					{"origin": [4.7, 24.75, -1.1], "size": [0.1, 0.1, 0.1], "uv": [0, 68]},
					{"origin": [4.4, 24.25, -1.1], "size": [0.1, 0.1, 0.1], "uv": [0, 68]},
					{"origin": [5, 24.25, -1.1], "size": [0.1, 0.1, 0.1], "uv": [0, 68]},
					{"origin": [4.9, 25.25, -1.1], "size": [0.1, 0.1, 0.1], "uv": [0, 68]},
					{"origin": [4.8, 24.85, -1.1], "size": [0.1, 0.4, 0.1], "uv": [0, 68]}
				]
			},
			{
				"name": "tuzi7",
				"parent": "bone8",
				"pivot": [4.7, 23.25, -0.5],
				"cubes": [
					{"origin": [4.4, 27.75, -1.1], "size": [0.1, 0.5, 0.1], "uv": [0, 68]},
					{"origin": [4.3, 27.35, -1.1], "size": [0.1, 0.4, 0.1], "uv": [0, 68]},
					{"origin": [5.1, 27.35, -1.1], "size": [0.1, 0.4, 0.1], "uv": [0, 68]},
					{"origin": [4.5, 27.15, -1.1], "size": [0.5, 0.1, 0.1], "uv": [0, 68]},
					{"origin": [4.6, 27.85, -1.1], "size": [0.1, 0.4, 0.1], "uv": [0, 68]},
					{"origin": [4.5, 28.25, -1.1], "size": [0.1, 0.1, 0.1], "uv": [0, 68]},
					{"origin": [5, 27.75, -1.1], "size": [0.1, 0.5, 0.1], "uv": [0, 68]},
					{"origin": [4.7, 27.75, -1.1], "size": [0.1, 0.1, 0.1], "uv": [0, 68]},
					{"origin": [4.4, 27.25, -1.1], "size": [0.1, 0.1, 0.1], "uv": [0, 68]},
					{"origin": [5, 27.25, -1.1], "size": [0.1, 0.1, 0.1], "uv": [0, 68]},
					{"origin": [4.9, 28.25, -1.1], "size": [0.1, 0.1, 0.1], "uv": [0, 68]},
					{"origin": [4.8, 27.85, -1.1], "size": [0.1, 0.4, 0.1], "uv": [0, 68]}
				]
			},
			{
				"name": "armRight",
				"pivot": [-3, 16.5, 0],
				"rotation": [0, 0, 25],
				"cubes": [
					{"origin": [-5.08453, 8.33126, -1], "size": [2, 7.35, 2], "uv": [38, 19], "mirror": true}
				]
			},
			{
				"name": "bone61",
				"parent": "armRight",
				"pivot": [3, 16.5, 0],
				"cubes": [
					{"origin": [-5.39205, 10.43692, -1.25], "size": [2.5, 2, 4.25], "uv": [42, 52], "mirror": true},
					{"origin": [-5.14205, 12.43692, 1], "size": [2, 2, 1.25], "uv": [51, 58], "mirror": true}
				]
			},
			{
				"name": "armLeft",
				"pivot": [3.25, 16.5, 0],
				"rotation": [0, 0, -25],
				"cubes": [
					{"origin": [3.10795, 8.43692, -1], "size": [2, 7.35, 2], "uv": [38, 19]}
				]
			},
			{
				"name": "bone43",
				"parent": "armLeft",
				"pivot": [3.25, 16.5, 0],
				"cubes": [
					{"origin": [2.85795, 10.43692, -1.25], "size": [2.5, 2, 4.25], "uv": [42, 52]},
					{"origin": [3.10795, 12.43692, 1], "size": [2, 2, 1.25], "uv": [51, 58]}
				]
			},
			{
				"name": "body",
				"pivot": [0, 10.5, 0],
				"cubes": [
					{"origin": [-3, 8.199, -2], "size": [6, 8.5, 4], "uv": [66, 2]},
					{"origin": [-3.25, 8.199, -2.25], "size": [6.5, 8.75, 4.5], "uv": [47, 25]},
					{"origin": [-1, 16.199, -1], "size": [2, 1.5, 2], "uv": [62, 14]},
					{"origin": [-3.5, 14.199, 2.25], "size": [7, 3.5, 2.5], "uv": [0, 54]},
					{"origin": [1, 11.699, 3.25], "size": [1, 2.5, 0.5], "uv": [0, 60]},
					{"origin": [-2, 11.699, 3.25], "size": [1, 2.5, 0.5], "uv": [0, 60]}
				]
			},
			{
				"name": "sittingRotationSkirt",
				"parent": "body",
				"pivot": [0, 9.5, 0]
			},
			{
				"name": "bone45",
				"parent": "sittingRotationSkirt",
				"pivot": [0, -1, 0]
			},
			{
				"name": "bone46",
				"parent": "bone45",
				"pivot": [0, -1, 4.97051],
				"rotation": [10, 0, 0],
				"cubes": [
					{"origin": [-3, 6.83147, 3.8857], "size": [6, 4, 0], "uv": [13, 36]}
				]
			},
			{
				"name": "bone47",
				"parent": "bone46",
				"pivot": [-3, -1.34218, 4.97051],
				"rotation": [0, 0, 9.85108],
				"cubes": [
					{"origin": [-5.02971, 6.82891, 3.9847], "size": [2, 4, 0], "uv": [13, 32]}
				]
			},
			{
				"name": "bone48",
				"parent": "bone46",
				"pivot": [3, -1.34218, 4.97051],
				"rotation": [0, 0, -9.85108],
				"cubes": [
					{"origin": [3.02971, 6.82891, 3.9867], "size": [2, 4, 0], "uv": [13, 32], "mirror": true}
				]
			},
			{
				"name": "bone49",
				"parent": "sittingRotationSkirt",
				"pivot": [0, -1, 0],
				"rotation": [0, -90, 0]
			},
			{
				"name": "bone50",
				"parent": "bone49",
				"pivot": [0, -1, 4.97051],
				"rotation": [10, 0, 0],
				"cubes": [
					{"origin": [-2, 6.65782, 4.87051], "size": [4, 4, 0], "uv": [13, 36]}
				]
			},
			{
				"name": "bone51",
				"parent": "bone50",
				"pivot": [-3, -1.34218, 4.97051],
				"rotation": [0, 0, 9.85108],
				"cubes": [
					{"origin": [-4.01474, 6.82891, 4.96951], "size": [2, 4, 0], "uv": [13, 32]}
				]
			},
			{
				"name": "bone52",
				"parent": "bone50",
				"pivot": [3, -1.34218, 4.97051],
				"rotation": [0, 0, -9.85108],
				"cubes": [
					{"origin": [2.01474, 6.82891, 4.97151], "size": [2, 4, 0], "uv": [13, 32], "mirror": true}
				]
			},
			{
				"name": "bone53",
				"parent": "sittingRotationSkirt",
				"pivot": [0, -1, 0],
				"rotation": [0, -180, 0]
			},
			{
				"name": "bone54",
				"parent": "bone53",
				"pivot": [0, -1, 4.97051],
				"rotation": [10, 0, 0],
				"cubes": [
					{"origin": [-3, 6.83147, 3.8857], "size": [6, 4, 0], "uv": [13, 36]}
				]
			},
			{
				"name": "bone55",
				"parent": "bone54",
				"pivot": [-3, -1.34218, 4.97051],
				"rotation": [0, 0, 9.85108],
				"cubes": [
					{"origin": [-5.02971, 6.82891, 3.9847], "size": [2, 4, 0], "uv": [13, 32]}
				]
			},
			{
				"name": "bone56",
				"parent": "bone54",
				"pivot": [3, -1.34218, 4.97051],
				"rotation": [0, 0, -9.85108],
				"cubes": [
					{"origin": [3.02971, 6.82891, 3.9867], "size": [2, 4, 0], "uv": [13, 32], "mirror": true}
				]
			},
			{
				"name": "bone57",
				"parent": "sittingRotationSkirt",
				"pivot": [0, -1, 0],
				"rotation": [0, -270, 0]
			},
			{
				"name": "bone58",
				"parent": "bone57",
				"pivot": [0, -1, 4.97051],
				"rotation": [10, 0, 0],
				"cubes": [
					{"origin": [-2, 6.65782, 4.87051], "size": [4, 4, 0], "uv": [13, 36]}
				]
			},
			{
				"name": "bone59",
				"parent": "bone58",
				"pivot": [-3, -1.34218, 4.97051],
				"rotation": [0, 0, 9.85108],
				"cubes": [
					{"origin": [-4.01474, 6.82891, 4.96951], "size": [2, 4, 0], "uv": [13, 32]}
				]
			},
			{
				"name": "bone60",
				"parent": "bone58",
				"pivot": [3, -1.34218, 4.97051],
				"rotation": [0, 0, -9.85108],
				"cubes": [
					{"origin": [2.01474, 6.82891, 4.97151], "size": [2, 4, 0], "uv": [13, 32], "mirror": true}
				]
			},
			{
				"name": "bone",
				"parent": "body",
				"pivot": [0, 16.25, 0]
			},
			{
				"name": "bone2",
				"parent": "bone",
				"pivot": [0, 5.75, 0]
			},
			{
				"name": "bone9",
				"parent": "bone2",
				"pivot": [0, 5.75, 2.97031],
				"rotation": [25, 0, 0],
				"cubes": [
					{"origin": [-1, 4.50814, 5.04473], "size": [2, 11, 0], "uv": [30, 30]}
				]
			},
			{
				"name": "bone10",
				"parent": "bone9",
				"pivot": [-2, 5.50814, 2.97031],
				"rotation": [0, 0, 13.99636],
				"cubes": [
					{"origin": [-2.9, 4.50814, 5.14373], "size": [2, 11, 0], "uv": [30, 30]}
				]
			},
			{
				"name": "bone15",
				"parent": "bone9",
				"pivot": [2, 5.50814, 2.97031],
				"rotation": [0, 0, -13.99636],
				"cubes": [
					{"origin": [0.9, 4.50814, 5.14573], "size": [2, 11, 0], "uv": [30, 30]}
				]
			},
			{
				"name": "bone16",
				"parent": "bone",
				"pivot": [0, 5.75, 0],
				"rotation": [0, -60, 0]
			},
			{
				"name": "bone17",
				"parent": "bone16",
				"pivot": [0, 5.75, 2.97031],
				"rotation": [25, 0, 0],
				"cubes": [
					{"origin": [-1, 4.50814, 5.04473], "size": [2, 11, 0], "uv": [30, 30]}
				]
			},
			{
				"name": "bone18",
				"parent": "bone17",
				"pivot": [-2, 5.50814, 2.97031],
				"rotation": [0, 0, 13.99636],
				"cubes": [
					{"origin": [-2.9, 4.50814, 5.14373], "size": [2, 11, 0], "uv": [30, 30]}
				]
			},
			{
				"name": "bone19",
				"parent": "bone17",
				"pivot": [2, 5.50814, 2.97031],
				"rotation": [0, 0, -13.99636],
				"cubes": [
					{"origin": [0.9, 4.50814, 5.14573], "size": [2, 11, 0], "uv": [30, 30]}
				]
			},
			{
				"name": "bone20",
				"parent": "bone",
				"pivot": [0, 5.75, 0],
				"rotation": [0, -120, 0]
			},
			{
				"name": "bone21",
				"parent": "bone20",
				"pivot": [0, 5.75, 2.97031],
				"rotation": [25, 0, 0],
				"cubes": [
					{"origin": [-1, 4.50814, 5.04473], "size": [2, 11, 0], "uv": [30, 30]}
				]
			},
			{
				"name": "bone22",
				"parent": "bone21",
				"pivot": [-2, 5.50814, 2.97031],
				"rotation": [0, 0, 13.99636],
				"cubes": [
					{"origin": [-2.9, 4.50814, 5.14373], "size": [2, 11, 0], "uv": [28, 41]}
				]
			},
			{
				"name": "bone23",
				"parent": "bone21",
				"pivot": [2, 5.50814, 2.97031],
				"rotation": [0, 0, -13.99636],
				"cubes": [
					{"origin": [0.9, 4.50814, 5.14573], "size": [2, 11, 0], "uv": [30, 30]}
				]
			},
			{
				"name": "bone24",
				"parent": "bone",
				"pivot": [0, 5.75, 0],
				"rotation": [0, -180, 0]
			},
			{
				"name": "bone25",
				"parent": "bone24",
				"pivot": [0, 5.75, 2.97031],
				"rotation": [25, 0, 0]
			},
			{
				"name": "bone26",
				"parent": "bone25",
				"pivot": [-2, 5.50814, 2.97031],
				"rotation": [0, 0, 13.99636],
				"cubes": [
					{"origin": [-2.9, 4.50814, 5.14373], "size": [1, 8, 0], "uv": [27, 30]}
				]
			},
			{
				"name": "bone27",
				"parent": "bone25",
				"pivot": [2, 5.50814, 2.97031],
				"rotation": [0, 0, -13.99636],
				"cubes": [
					{"origin": [1.9, 4.50814, 5.14573], "size": [1, 8, 0], "uv": [27, 30]}
				]
			},
			{
				"name": "bone28",
				"parent": "bone",
				"pivot": [0, 5.75, 0],
				"rotation": [0, -240, 0]
			},
			{
				"name": "bone29",
				"parent": "bone28",
				"pivot": [0, 5.75, 2.97031],
				"rotation": [25, 0, 0],
				"cubes": [
					{"origin": [-1, 4.50814, 5.04473], "size": [2, 11, 0], "uv": [30, 30]}
				]
			},
			{
				"name": "bone30",
				"parent": "bone29",
				"pivot": [-2, 5.50814, 2.97031],
				"rotation": [0, 0, 13.99636],
				"cubes": [
					{"origin": [-2.9, 4.50814, 5.14373], "size": [2, 11, 0], "uv": [30, 30]}
				]
			},
			{
				"name": "bone31",
				"parent": "bone29",
				"pivot": [2, 5.50814, 2.97031],
				"rotation": [0, 0, -13.99636],
				"cubes": [
					{"origin": [0.9, 4.50814, 5.14573], "size": [2, 11, 0], "uv": [28, 41], "mirror": true}
				]
			},
			{
				"name": "bone32",
				"parent": "bone",
				"pivot": [0, 5.75, 0],
				"rotation": [0, -300, 0]
			},
			{
				"name": "bone33",
				"parent": "bone32",
				"pivot": [0, 5.75, 2.97031],
				"rotation": [25, 0, 0],
				"cubes": [
					{"origin": [-1, 4.50814, 5.14473], "size": [2, 11, 0], "uv": [30, 30]}
				]
			},
			{
				"name": "bone34",
				"parent": "bone33",
				"pivot": [-2, 5.50814, 2.97031],
				"rotation": [0, 0, 13.99636],
				"cubes": [
					{"origin": [-2.9, 4.50814, 5.14373], "size": [2, 11, 0], "uv": [30, 30]}
				]
			},
			{
				"name": "bone35",
				"parent": "bone33",
				"pivot": [2, 5.50814, 2.97031],
				"rotation": [0, 0, -13.99636],
				"cubes": [
					{"origin": [0.9, 4.50814, 5.04573], "size": [2, 11, 0], "uv": [30, 30]}
				]
			},
			{
				"name": "bone36",
				"parent": "body",
				"pivot": [0, 10.5, 0]
			},
			{
				"name": "bone37",
				"parent": "bone36",
				"pivot": [0, 13.5, -2.5],
				"rotation": [0, 0, -32.5],
				"cubes": [
					{"origin": [-1, 13.5, -2.3], "size": [1, 4, 1], "uv": [44, 40]},
					{"origin": [-1.5, 12.75, -2.4], "size": [1, 4.75, 1], "uv": [38, 41]}
				]
			},
			{
				"name": "bone38",
				"parent": "bone36",
				"pivot": [0.75, 13, -2.5],
				"rotation": [0, 0, 32.5],
				"cubes": [
					{"origin": [-0.25, 13, -2.3], "size": [1, 4, 1], "uv": [43, 40]},
					{"origin": [0.25, 12.25, -2.4], "size": [1, 4.75, 1], "uv": [38, 41]}
				]
			},
			{
				"name": "bone39",
				"parent": "body",
				"pivot": [0, 11.9125, -2.875],
				"rotation": [-20, 0, 0],
				"cubes": [
					{"origin": [-0.2, 11.5, -3], "size": [0.4, 0.5, 0.25], "uv": [1, 50]},
					{"origin": [-0.5, 12.4, -3], "size": [1, 0.2, 0.25], "uv": [1, 50]},
					{"origin": [-0.5, 11, -3], "size": [0.3, 1.4, 0.25], "uv": [1, 50]},
					{"origin": [0.2, 11, -3], "size": [0.3, 1.4, 0.25], "uv": [1, 50]}
				]
			},
			{
				"name": "bone40",
				"parent": "bone39",
				"pivot": [0, 8.5, 0.25],
				"cubes": [
					{"origin": [-0.1, 12.3, -3.1], "size": [0.2, 0.8, 0.45], "uv": [1, 50]}
				]
			},
			{
				"name": "legLeft",
				"pivot": [2, 9, 0],
				"cubes": [
					{"origin": [0.249, 2, -1.5], "size": [2.5, 6.5, 2.5], "uv": [26, 16]}
				]
			},
			{
				"name": "bone41",
				"parent": "legLeft",
				"pivot": [2, 9, 0],
				"cubes": [
					{"origin": [0.25, 1, -2], "size": [2.5, 1, 3], "uv": [25, 54]},
					{"origin": [0, 4.5, -1.75], "size": [3, 1, 3], "uv": [24, 62]},
					{"origin": [0.2, 2.5, -1.55], "size": [2.6, 1, 2.6], "uv": [39, 63]},
					{"origin": [0.25, 0, -2], "size": [2.5, 1, 1.75], "uv": [27, 59]},
					{"origin": [0.25, 0, 0], "size": [2.5, 1, 1], "uv": [27, 59]}
				]
			},
			{
				"name": "legRight",
				"pivot": [-2, 9, 0],
				"cubes": [
					{"origin": [-2.749, 2, -1.5], "size": [2.5, 6.5, 2.5], "uv": [18, 16]}
				]
			},
			{
				"name": "bone42",
				"parent": "legRight",
				"pivot": [-1, 9, 0],
				"cubes": [
					{"origin": [-2.75, 1, -2], "size": [2.5, 1, 3], "uv": [25, 54]},
					{"origin": [-3, 4.5, -1.75], "size": [3, 1, 3], "uv": [24, 62]},
					{"origin": [-2.8, 2.5, -1.55], "size": [2.6, 1, 2.6], "uv": [39, 63]},
					{"origin": [-2.75, 0, -2], "size": [2.5, 1, 1.75], "uv": [27, 59]},
					{"origin": [-2.75, 0, 0], "size": [2.5, 1, 1], "uv": [27, 59]}
				]
			},
			{
				"name": "backpackPositioningBone",
				"pivot": [0, 16, 0]
			}
		]
	}
}