{
	"format_version": "1.10.0",
	"geometry.model": {
		"texturewidth": 64,
		"textureheight": 64,
		"visible_bounds_width": 3,
		"visible_bounds_height": 4,
		"visible_bounds_offset": [0, 1, 0],
		"bones": [
			{
				"name": "head",
				"pivot": [0, 16.7, 0],
				"cubes": [
					{"origin": [-4, 16.7, -4], "size": [8, 8, 8], "uv": [0, 16]},
					{"origin": [-4.25, 16.45, -4.25], "size": [8.5, 8.5, 8.5], "uv": [0, 0]},
					{"origin": [-4.25, 12.45, -4.25], "size": [1, 4, 1], "uv": [50, 16]},
					{"origin": [3.25, 12.45, -4.25], "size": [1, 4, 1], "uv": [40, 49]}
				]
			},
			{
				"name": "blink",
				"parent": "head",
				"pivot": [0, 18, 0],
				"cubes": [
					{"origin": [-4, 16.7, -4.001], "size": [8, 8, 0], "uv": [48, 0]}
				]
			},
			{
				"name": "hair",
				"parent": "head",
				"pivot": [0, 13.2, 5],
				"rotation": [10, 0, 0],
				"cubes": [
					{"origin": [-4.25, 8.95, 5], "size": [8.5, 8.5, 0], "uv": [32, 41]}
				]
			},
			{
				"name": "abab",
				"parent": "head",
				"pivot": [0, 18, 0],
				"rotation": [-180, 0, 180]
			},
			{
				"name": "bone3",
				"parent": "abab",
				"pivot": [-6, 20.2, 0],
				"rotation": [-8.3524, -5.69547, 24.49712],
				"cubes": [
					{"origin": [-9.2762, 13.02208, -1.49225], "size": [6, 11, 2], "uv": [0, 32], "inflate": -1}
				]
			},
			{
				"name": "bone",
				"parent": "bone3",
				"pivot": [-6.14126, 20.42658, -0.74741],
				"rotation": [3.8017, 3.2176, 25.56446],
				"cubes": [
					{"origin": [-9.43777, 16.16763, -2.25306], "size": [6, 8, 2], "uv": [32, 0], "inflate": -1}
				]
			},
			{
				"name": "bone12",
				"parent": "bone3",
				"pivot": [-8.37192, 22.01998, -0.4519],
				"rotation": [-9.51571, -2.68, 53.59915],
				"cubes": [
					{"origin": [-11.36057, 17.69358, -2.39706], "size": [6, 8, 2], "uv": [32, 0], "inflate": -1}
				]
			},
			{
				"name": "bone2",
				"parent": "bone3",
				"pivot": [-5.50229, 24.54955, -0.14573],
				"rotation": [1.29717, 4.82922, 82.5547],
				"cubes": [
					{"origin": [-8.62243, 17.39633, -1.63195], "size": [6, 7, 2], "uv": [16, 39], "inflate": -1}
				]
			},
			{
				"name": "bone4",
				"parent": "abab",
				"pivot": [6, 20.2, 1.75]
			},
			{
				"name": "bone8",
				"parent": "bone4",
				"pivot": [6, 19.7, 2.75],
				"cubes": [
					{"origin": [-8.75, 22.7, -0.75], "size": [6, 6, 2], "uv": [0, 45], "inflate": -1}
				]
			},
			{
				"name": "bone9",
				"parent": "bone4",
				"pivot": [5, 18.45, 1.85],
				"cubes": [
					{"origin": [-10.35, 20.95, -0.65], "size": [6, 6, 2], "uv": [46, 8], "inflate": -1}
				]
			},
			{
				"name": "bone10",
				"parent": "bone4",
				"pivot": [6, 17.2, 1.65],
				"cubes": [
					{"origin": [-8.75, 19.7, -0.85], "size": [6, 6, 2], "uv": [0, 45], "inflate": -1}
				]
			},
			{
				"name": "bone11",
				"parent": "bone4",
				"pivot": [-9.25, 16.45, -0.25],
				"cubes": [
					{"origin": [-12.44118, 14.44569, -1], "size": [9, 9, 2], "uv": [30, 30], "inflate": -1}
				]
			},
			{
				"name": "bone6",
				"parent": "abab",
				"pivot": [0, 18, 0]
			},
			{
				"name": "bone5",
				"parent": "bone6",
				"pivot": [-5.5, 24, 1.5],
				"rotation": [-18.2489, 17.38772, 42.18626]
			},
			{
				"name": "bone7",
				"parent": "bone6",
				"pivot": [-5.5, 24, -0.5],
				"cubes": [
					{"origin": [-5, 21.5, -1.5], "size": [1, 3, 3], "uv": [48, 41]}
				]
			},
			{
				"name": "armRight",
				"pivot": [-3.5, 15.25, 0],
				"rotation": [0, 0, 25],
				"cubes": [
					{"origin": [-5.44834, 7.9723, -1], "size": [2, 7.35, 2], "uv": [32, 49]},
					{"origin": [-5.69834, 8.9723, -1.25], "size": [2.5, 5.35, 2.5], "uv": [0, 16]},
					{"origin": [-6.7602, 11.30672, -2.35], "size": [4.6, 3, 2], "uv": [44, 24], "inflate": -1},
					{"origin": [-6.7602, 11.30672, 0.25], "size": [4.6, 3, 2], "uv": [44, 24], "inflate": -1}
				]
			},
			{
				"name": "bone57",
				"parent": "armRight",
				"pivot": [-5.7602, 12.80672, 0],
				"rotation": [-180, -90, 180],
				"cubes": [
					{"origin": [-8.0602, 11.30672, -1], "size": [4.6, 3, 2], "uv": [44, 24], "inflate": -1}
				]
			},
			{
				"name": "armLeft",
				"pivot": [3.5, 15.25, 0],
				"rotation": [0, 0, -25],
				"cubes": [
					{"origin": [3.19834, 8.9723, -1.25], "size": [2.5, 5.35, 2.5], "uv": [0, 0]},
					{"origin": [3.44834, 7.9723, -1], "size": [2, 7.35, 2], "uv": [24, 48]},
					{"origin": [2.13528, 11.30672, -2.35], "size": [4.6, 3, 2], "uv": [44, 24], "inflate": -1},
					{"origin": [2.13528, 11.30672, 0.25], "size": [4.6, 3, 2], "uv": [44, 24], "inflate": -1}
				]
			},
			{
				"name": "bone58",
				"parent": "armLeft",
				"pivot": [5.73528, 12.80672, 0],
				"rotation": [-180, -90, 180],
				"cubes": [
					{"origin": [3.43528, 11.30672, -1], "size": [4.6, 3, 2], "uv": [44, 24], "inflate": -1}
				]
			},
			{
				"name": "body",
				"pivot": [0, 10.5, 0],
				"cubes": [
					{"origin": [-3, 8.199, -3], "size": [6, 8.5, 6], "uv": [26, 10]}
				]
			},
			{
				"name": "sittingRotationSkirt",
				"parent": "body",
				"pivot": [0, 10, 0]
			},
			{
				"name": "bone14",
				"parent": "sittingRotationSkirt",
				"pivot": [0, 3, 0]
			},
			{
				"name": "bone15",
				"parent": "bone14",
				"pivot": [0, 3, 5.27792],
				"rotation": [23, 0, 0]
			},
			{
				"name": "bone16",
				"parent": "bone15",
				"pivot": [0, 3, 5.27792],
				"rotation": [0, -45, 0],
				"cubes": [
					{"origin": [-1, 7, 4.27792], "size": [2, 4, 2], "uv": [24, 0]}
				]
			},
			{
				"name": "bone17",
				"parent": "sittingRotationSkirt",
				"pivot": [0, 3, 0],
				"rotation": [0, -30, 0]
			},
			{
				"name": "bone18",
				"parent": "bone17",
				"pivot": [0, 3, 5.27792],
				"rotation": [23, 0, 0]
			},
			{
				"name": "bone19",
				"parent": "bone18",
				"pivot": [0, 3, 5.27792],
				"rotation": [0, -45, 0],
				"cubes": [
					{"origin": [-1, 7, 4.27792], "size": [2, 4, 2], "uv": [24, 0]}
				]
			},
			{
				"name": "bone20",
				"parent": "sittingRotationSkirt",
				"pivot": [0, 3, 0],
				"rotation": [0, -60, 0]
			},
			{
				"name": "bone21",
				"parent": "bone20",
				"pivot": [0, 3, 5.27792],
				"rotation": [23, 0, 0]
			},
			{
				"name": "bone22",
				"parent": "bone21",
				"pivot": [0, 3, 5.27792],
				"rotation": [0, -45, 0],
				"cubes": [
					{"origin": [-1, 7, 4.27792], "size": [2, 4, 2], "uv": [24, 0]}
				]
			},
			{
				"name": "bone23",
				"parent": "sittingRotationSkirt",
				"pivot": [0, 3, 0],
				"rotation": [0, -90, 0]
			},
			{
				"name": "bone24",
				"parent": "bone23",
				"pivot": [0, 3, 5.27792],
				"rotation": [23, 0, 0]
			},
			{
				"name": "bone25",
				"parent": "bone24",
				"pivot": [0, 3, 5.27792],
				"rotation": [0, -45, 0],
				"cubes": [
					{"origin": [-1, 7, 4.27792], "size": [2, 4, 2], "uv": [24, 0]}
				]
			},
			{
				"name": "bone26",
				"parent": "sittingRotationSkirt",
				"pivot": [0, 3, 0],
				"rotation": [0, -120, 0]
			},
			{
				"name": "bone27",
				"parent": "bone26",
				"pivot": [0, 3, 5.27792],
				"rotation": [23, 0, 0]
			},
			{
				"name": "bone28",
				"parent": "bone27",
				"pivot": [0, 3, 5.27792],
				"rotation": [0, -45, 0],
				"cubes": [
					{"origin": [-1, 7, 4.27792], "size": [2, 4, 2], "uv": [24, 0]}
				]
			},
			{
				"name": "bone29",
				"parent": "sittingRotationSkirt",
				"pivot": [0, 3, 0],
				"rotation": [0, -150, 0]
			},
			{
				"name": "bone30",
				"parent": "bone29",
				"pivot": [0, 3, 5.27792],
				"rotation": [23, 0, 0]
			},
			{
				"name": "bone31",
				"parent": "bone30",
				"pivot": [0, 3, 5.27792],
				"rotation": [0, -45, 0],
				"cubes": [
					{"origin": [-1, 7, 4.27792], "size": [2, 4, 2], "uv": [24, 0]}
				]
			},
			{
				"name": "bone32",
				"parent": "sittingRotationSkirt",
				"pivot": [0, 3, 0],
				"rotation": [0, -180, 0]
			},
			{
				"name": "bone33",
				"parent": "bone32",
				"pivot": [0, 3, 5.27792],
				"rotation": [23, 0, 0]
			},
			{
				"name": "bone34",
				"parent": "bone33",
				"pivot": [0, 3, 5.27792],
				"rotation": [0, -45, 0],
				"cubes": [
					{"origin": [-1, 7, 4.27792], "size": [2, 4, 2], "uv": [24, 0]}
				]
			},
			{
				"name": "bone35",
				"parent": "sittingRotationSkirt",
				"pivot": [0, 3, 0],
				"rotation": [0, -210, 0]
			},
			{
				"name": "bone36",
				"parent": "bone35",
				"pivot": [0, 3, 5.27792],
				"rotation": [23, 0, 0]
			},
			{
				"name": "bone37",
				"parent": "bone36",
				"pivot": [0, 3, 5.27792],
				"rotation": [0, -45, 0],
				"cubes": [
					{"origin": [-1, 7, 4.27792], "size": [2, 4, 2], "uv": [24, 0]}
				]
			},
			{
				"name": "bone38",
				"parent": "sittingRotationSkirt",
				"pivot": [0, 3, 0],
				"rotation": [0, -240, 0]
			},
			{
				"name": "bone39",
				"parent": "bone38",
				"pivot": [0, 3, 5.27792],
				"rotation": [23, 0, 0]
			},
			{
				"name": "bone40",
				"parent": "bone39",
				"pivot": [0, 3, 5.27792],
				"rotation": [0, -45, 0],
				"cubes": [
					{"origin": [-1, 7, 4.27792], "size": [2, 4, 2], "uv": [24, 0]}
				]
			},
			{
				"name": "bone41",
				"parent": "sittingRotationSkirt",
				"pivot": [0, 3, 0],
				"rotation": [0, -270, 0]
			},
			{
				"name": "bone42",
				"parent": "bone41",
				"pivot": [0, 3, 5.27792],
				"rotation": [23, 0, 0]
			},
			{
				"name": "bone43",
				"parent": "bone42",
				"pivot": [0, 3, 5.27792],
				"rotation": [0, -45, 0],
				"cubes": [
					{"origin": [-1, 7, 4.27792], "size": [2, 4, 2], "uv": [24, 0]}
				]
			},
			{
				"name": "bone44",
				"parent": "sittingRotationSkirt",
				"pivot": [0, 3, 0],
				"rotation": [0, -300, 0]
			},
			{
				"name": "bone45",
				"parent": "bone44",
				"pivot": [0, 3, 5.27792],
				"rotation": [23, 0, 0]
			},
			{
				"name": "bone46",
				"parent": "bone45",
				"pivot": [0, 3, 5.27792],
				"rotation": [0, -45, 0],
				"cubes": [
					{"origin": [-1, 7, 4.27792], "size": [2, 4, 2], "uv": [24, 0]}
				]
			},
			{
				"name": "bone47",
				"parent": "sittingRotationSkirt",
				"pivot": [0, 3, 0],
				"rotation": [0, -330, 0]
			},
			{
				"name": "bone48",
				"parent": "bone47",
				"pivot": [0, 3, 5.27792],
				"rotation": [23, 0, 0]
			},
			{
				"name": "bone49",
				"parent": "bone48",
				"pivot": [0, 3, 5.27792],
				"rotation": [0, -45, 0],
				"cubes": [
					{"origin": [-1, 7, 4.27792], "size": [2, 4, 2], "uv": [24, 0]}
				]
			},
			{
				"name": "bone50",
				"parent": "body",
				"pivot": [0, 10.5, 0.25],
				"cubes": [
					{"origin": [-2, 13, -4.25], "size": [4, 4, 2], "uv": [32, 24], "inflate": -1}
				]
			},
			{
				"name": "bone51",
				"parent": "bone50",
				"pivot": [0.75, 13.5, -3.25],
				"rotation": [0, 0, 45],
				"cubes": [
					{"origin": [-1.25, 11.5, -4.25], "size": [4, 4, 2], "uv": [32, 24], "inflate": -1}
				]
			},
			{
				"name": "bone52",
				"parent": "bone50",
				"pivot": [-0.75, 13.5, -3.25],
				"rotation": [0, 0, -45],
				"cubes": [
					{"origin": [-2.75, 11.5, -4.25], "size": [4, 4, 2], "uv": [32, 24], "inflate": -1}
				]
			},
			{
				"name": "bone53",
				"parent": "bone50",
				"pivot": [1.25, 10, 0.25],
				"rotation": [0, 0, 30],
				"cubes": [
					{"origin": [-2.5, 11, -4.1], "size": [4.25, 3, 2], "uv": [44, 24], "inflate": -1}
				]
			},
			{
				"name": "bone54",
				"parent": "bone50",
				"pivot": [0.25, 11, 0.25],
				"rotation": [0, 0, -30],
				"cubes": [
					{"origin": [-2.1, 12, -4.1], "size": [4.6, 3, 2], "uv": [44, 24], "inflate": -1}
				]
			},
			{
				"name": "bone55",
				"parent": "bone50",
				"pivot": [-0.5, 12, -3.1],
				"rotation": [0, 0, -75],
				"cubes": [
					{"origin": [-3, 10.5, -4.1], "size": [5.5, 3, 2], "uv": [16, 32], "inflate": -1}
				]
			},
			{
				"name": "bone56",
				"parent": "bone50",
				"pivot": [0.4, 12.25, -3.1],
				"rotation": [0, 0, 75],
				"cubes": [
					{"origin": [-2.1, 10.75, -4.1], "size": [5.5, 3, 2], "uv": [16, 32], "inflate": -1}
				]
			},
			{
				"name": "legLeft",
				"pivot": [1.5, 8.5, 0],
				"cubes": [
					{"origin": [0.249, 0, -1.5], "size": [2.5, 8.5, 2.5], "uv": [16, 48]}
				]
			},
			{
				"name": "legRight",
				"pivot": [-1.5, 8.5, 0],
				"cubes": [
					{"origin": [-2.749, 0, -1.5], "size": [2.5, 8.5, 2.5], "uv": [46, 47]}
				]
			},
			{
				"name": "backpackPositioningBone",
				"pivot": [0, 15.25, 0]
			}
		]
	}
}