{
	"format_version": "1.10.0",
	"geometry.model": {
		"texturewidth": 128,
		"textureheight": 128,
		"visible_bounds_width": 3,
		"visible_bounds_height": 4,
		"visible_bounds_offset": [0, 1, 0],
		"bones": [
			{
				"name": "head",
				"pivot": [0, 17.05, 0],
				"cubes": [
					{"origin": [-4, 18, -4], "size": [8, 8, 8], "uv": [32, 0]},
					{"origin": [-4.25, 17.75, -4.25], "size": [8.5, 8.5, 8.5], "uv": [0, 0]}
				]
			},
			{
				"name": "blink",
				"parent": "head",
				"pivot": [0, 18.3, -0.1],
				"cubes": [
					{"origin": [-4, 18, -4.101], "size": [8, 8, 0], "uv": [24, 16]}
				]
			},
			{
				"name": "hair",
				"parent": "head",
				"pivot": [0, 17.05, 0],
				"cubes": [
					{"origin": [-1.5, 21.05, 4], "size": [3, 4, 2], "uv": [0, 52]}
				]
			},
			{
				"name": "bone",
				"parent": "head",
				"pivot": [-5.3158, -0.22401, 0]
			},
			{
				"name": "horn2",
				"parent": "bone",
				"pivot": [2.5, 26.25, 0.5],
				"rotation": [0, 180, 17.5]
			},
			{
				"name": "bone4",
				"parent": "horn2",
				"pivot": [1.54471, 26.57402, 0.5],
				"rotation": [0, 0, 12.5],
				"cubes": [
					{"origin": [0.91057, 25.94458, 0], "size": [1, 2.05, 1], "uv": [12, 74]}
				]
			},
			{
				"name": "bone5",
				"parent": "horn2",
				"pivot": [3.10129, 26.45623, 0.5],
				"rotation": [0, 0, -16.5],
				"cubes": [
					{"origin": [2.60129, 24.70623, 0], "size": [1, 3.5, 1], "uv": [31, 82]},
					{"origin": [2.60129, 24.70623, -0.1], "size": [1.1, 2.7, 1.2], "uv": [0, 107]}
				]
			},
			{
				"name": "bone6",
				"parent": "horn2",
				"pivot": [2.84723, 25.96816, 0],
				"rotation": [0, 0, 12.5],
				"cubes": [
					{"origin": [0.80257, 25.2356, -0.1], "size": [2.2, 2.3, 1.2], "uv": [24, 74]}
				]
			},
			{
				"name": "bone46",
				"parent": "horn2",
				"pivot": [2.5, 28.25, 0.5],
				"rotation": [0, 0, 32.5],
				"cubes": [
					{"origin": [1.51306, 27.44122, 0], "size": [1, 1.75, 1], "uv": [12, 74]}
				]
			},
			{
				"name": "bone47",
				"parent": "horn2",
				"pivot": [3.07972, 28.44351, 0.5],
				"rotation": [0, 0, -0.5],
				"cubes": [
					{"origin": [2.18324, 27.03196, 0], "size": [0.9, 2.55, 1], "uv": [32, 83]}
				]
			},
			{
				"name": "horn3",
				"parent": "bone",
				"pivot": [-2.5, 26.25, 0.5],
				"rotation": [0, 0, -17.5]
			},
			{
				"name": "bone2",
				"parent": "horn3",
				"pivot": [-3.45529, 26.57402, 0.5],
				"rotation": [0, 0, 12.5],
				"cubes": [
					{"origin": [-4.08943, 25.94458, 0], "size": [1, 2.05, 1], "uv": [12, 74]}
				]
			},
			{
				"name": "bone3",
				"parent": "horn3",
				"pivot": [-1.89871, 26.45623, 0.5],
				"rotation": [0, 0, -16.5],
				"cubes": [
					{"origin": [-2.39871, 24.70623, 0], "size": [1, 3.5, 1], "uv": [31, 82]},
					{"origin": [-2.39871, 24.70623, -0.1], "size": [1.1, 2.7, 1.2], "uv": [0, 107]}
				]
			},
			{
				"name": "bone55",
				"parent": "horn3",
				"pivot": [-2.15277, 25.96816, 0],
				"rotation": [0, 0, 12.5],
				"cubes": [
					{"origin": [-4.19743, 25.2356, -0.1], "size": [2.2, 2.3, 1.2], "uv": [24, 74]}
				]
			},
			{
				"name": "bone56",
				"parent": "horn3",
				"pivot": [-2.5, 28.25, 0.5],
				"rotation": [0, 0, 32.5],
				"cubes": [
					{"origin": [-3.48694, 27.44122, 0], "size": [1, 1.75, 1], "uv": [12, 74]}
				]
			},
			{
				"name": "bone57",
				"parent": "horn3",
				"pivot": [-1.92028, 28.44351, 0.5],
				"rotation": [0, 0, -0.5],
				"cubes": [
					{"origin": [-2.81676, 27.03196, 0], "size": [0.9, 2.55, 1], "uv": [32, 83]}
				]
			},
			{
				"name": "ear",
				"parent": "bone",
				"pivot": [0.25, 16.8, -1],
				"rotation": [0, 0, -7.5]
			},
			{
				"name": "bone7",
				"parent": "ear",
				"pivot": [6.75, 19.3, -1.5],
				"rotation": [0, 0, -27.5],
				"cubes": [
					{"origin": [5.06228, 20.51086, -2.1], "size": [2, 0.5, 0.5], "uv": [50, 5]}
				]
			},
			{
				"name": "bone8",
				"parent": "ear",
				"pivot": [0.25, 16.8, -1],
				"cubes": [
					{"origin": [4.23701, 20.46175, -2.1], "size": [2, 0.5, 0.5], "uv": [50, 5]},
					{"origin": [4.33701, 19.96175, -2.1], "size": [1.1, 0.5, 0.5], "uv": [51, 4]}
				]
			},
			{
				"name": "ear2",
				"parent": "bone",
				"pivot": [0, 16.8, -2.6],
				"rotation": [180, 0, -172.5]
			},
			{
				"name": "bone9",
				"parent": "ear2",
				"pivot": [6.5, 19.3, -3.1],
				"rotation": [0, 0, -27.5],
				"cubes": [
					{"origin": [4.81228, 20.51086, -3.7], "size": [2, 0.5, 0.5], "uv": [50, 5]}
				]
			},
			{
				"name": "bone10",
				"parent": "ear2",
				"pivot": [0, 16.8, -2.6],
				"cubes": [
					{"origin": [3.98701, 20.46175, -3.7], "size": [2, 0.5, 0.5], "uv": [50, 4]},
					{"origin": [4.08701, 19.96175, -3.7], "size": [1.1, 0.5, 0.5], "uv": [51, 5]}
				]
			},
			{
				"name": "bone58",
				"parent": "bone",
				"pivot": [-0.5658, 26.77599, 0.25],
				"rotation": [45, -45, 0],
				"cubes": [
					{"origin": [1.90405, 23.53959, 1.2136], "size": [0.75, 0.75, 0.75], "uv": [39, 79]}
				]
			},
			{
				"name": "bone59",
				"parent": "bone",
				"pivot": [0.4342, 26.57599, 0.35],
				"rotation": [-45, -45, -180],
				"cubes": [
					{"origin": [2.90405, 28.81239, 1.3136], "size": [0.75, 0.75, 0.75], "uv": [39, 79]}
				]
			},
			{
				"name": "bone85",
				"parent": "head",
				"pivot": [0, 16.75, 3]
			},
			{
				"name": "bone86",
				"parent": "bone85",
				"pivot": [-2.1, 21.875, -1.15],
				"rotation": [0, 0, 7.5],
				"cubes": [
					{"origin": [-3.1, 21.75, -1.2], "size": [2, 0.25, 0.1], "uv": [65, 2]}
				]
			},
			{
				"name": "bone87",
				"parent": "bone85",
				"pivot": [2.1, 21.875, -1.15],
				"rotation": [0, 0, -7.5],
				"cubes": [
					{"origin": [1.1, 21.75, -1.2], "size": [2, 0.25, 0.1], "uv": [65, 2]}
				]
			},
			{
				"name": "armRight",
				"pivot": [-2.75, 17.5, 0],
				"rotation": [0, 0, 25],
				"cubes": [
					{"origin": [-4.94019, 9.55784, -1], "size": [2, 7.35, 2], "uv": [16, 41]},
					{"origin": [-5.19019, 15.05784, -1.25], "size": [2.5, 2.35, 2.5], "uv": [0, 74]},
					{"origin": [-5.05803, 10.25784, -1.1], "size": [2.2, 2.35, 2.2], "uv": [14, 95]}
				]
			},
			{
				"name": "armLeft",
				"pivot": [2.75, 17.5, 0],
				"rotation": [0, 0, -25],
				"cubes": [
					{"origin": [2.68899, 15.05784, -1.25], "size": [2.5, 2.35, 2.5], "uv": [16, 63]},
					{"origin": [2.94019, 9.55784, -1], "size": [2, 7.35, 2], "uv": [16, 41]},
					{"origin": [2.84019, 10.25784, -1.1], "size": [2.2, 2.35, 2.2], "uv": [13, 89]}
				]
			},
			{
				"name": "body",
				"pivot": [0, 10.5, 0],
				"cubes": [
					{"origin": [-3, 9.199, -3], "size": [6, 8.5, 6], "uv": [0, 16]},
					{"origin": [-1, 17.199, -1], "size": [2, 1.5, 2], "uv": [10, 43]}
				]
			},
			{
				"name": "ring",
				"parent": "body",
				"pivot": [0.125, 15.425, -3.9],
				"rotation": [-17.5, 0, 0],
				"cubes": [
					{"origin": [-0.75, 14.5, -4.4], "size": [1.75, 1.65, 1], "uv": [32, 65]},
					{"origin": [-0.125, 14.375, -4.15], "size": [0.5, 1.05, 0.25], "uv": [51, 63]}
				]
			},
			{
				"name": "bone54",
				"parent": "ring",
				"pivot": [0, 6.85, 4.75],
				"cubes": [
					{"origin": [-2.5, 12.7, -6.5], "size": [5.2, 5.3, 4], "uv": [29, 89], "inflate": -2}
				]
			},
			{
				"name": "bone11",
				"parent": "body",
				"pivot": [0, 13.5, 0]
			},
			{
				"name": "bone12",
				"parent": "bone11",
				"pivot": [0, 3, 0]
			},
			{
				"name": "bone13",
				"parent": "bone12",
				"pivot": [0, 3, 4.97051],
				"rotation": [10, 0, 0],
				"cubes": [
					{"origin": [-3, 7.65782, 4.97051], "size": [6, 8, 0], "uv": [24, 30]}
				]
			},
			{
				"name": "bone14",
				"parent": "bone13",
				"pivot": [-3, 2.65782, 4.97051],
				"rotation": [0, 0, 9.85108],
				"cubes": [
					{"origin": [-5, 7.65782, 4.96951], "size": [2, 8, 0], "uv": [12, 63]}
				]
			},
			{
				"name": "bone15",
				"parent": "bone13",
				"pivot": [3, 2.65782, 4.97051],
				"rotation": [0, 0, -9.85108],
				"cubes": [
					{"origin": [3, 7.65782, 4.97151], "size": [2, 8, 0], "uv": [8, 63]}
				]
			},
			{
				"name": "rue3",
				"parent": "bone13",
				"pivot": [0, 1.2, -0.1],
				"cubes": [
					{"origin": [1.1, 7.64255, 4.97355], "size": [0.75, 0.25, 0.1], "uv": [39, 52]},
					{"origin": [-1.2, 7.64255, 4.97355], "size": [0.25, 1, 0.1], "uv": [40, 52]},
					{"origin": [-0.95, 8.39255, 4.97355], "size": [0.25, 0.25, 0.1], "uv": [39, 52]},
					{"origin": [-0.7, 7.64255, 4.97355], "size": [0.25, 1, 0.1], "uv": [40, 52]},
					{"origin": [-0.45, 7.64255, 4.97355], "size": [0.8, 0.25, 0.1], "uv": [39, 52]},
					{"origin": [-2.7, 7.64255, 4.97355], "size": [0.25, 1, 0.1], "uv": [40, 52]},
					{"origin": [-2.45, 8.39255, 4.97355], "size": [0.25, 0.25, 0.1], "uv": [39, 52]},
					{"origin": [-2.2, 7.64255, 4.97355], "size": [0.25, 1, 0.1], "uv": [40, 52]},
					{"origin": [-2.05, 7.64255, 4.97355], "size": [0.85, 0.25, 0.1], "uv": [39, 52]},
					{"origin": [2.1, 8.39255, 4.97355], "size": [0.25, 0.25, 0.1], "uv": [39, 52]},
					{"origin": [1.85, 7.64255, 4.97355], "size": [0.25, 1, 0.1], "uv": [40, 52]},
					{"origin": [0.85, 7.64255, 4.97355], "size": [0.25, 1, 0.1], "uv": [40, 52]},
					{"origin": [0.6, 8.39255, 4.97355], "size": [0.25, 0.25, 0.1], "uv": [39, 52]},
					{"origin": [0.35, 7.64255, 4.97355], "size": [0.25, 1, 0.1], "uv": [40, 52]},
					{"origin": [2.35, 7.64255, 4.97355], "size": [0.25, 1, 0.1], "uv": [40, 52]}
				]
			},
			{
				"name": "bone63",
				"parent": "rue3",
				"pivot": [3.675, 8.46755, 5.02355],
				"rotation": [0, 180, -12.5],
				"cubes": [
					{"origin": [3.8, 7.94255, 4.97355], "size": [0.25, 0.9, 0.1], "uv": [40, 52]},
					{"origin": [3.55, 8.59255, 4.97355], "size": [0.25, 0.25, 0.1], "uv": [39, 52]},
					{"origin": [3.3, 7.94255, 4.97355], "size": [0.25, 0.9, 0.1], "uv": [40, 52]},
					{"origin": [3.95, 7.94255, 4.97355], "size": [0.95, 0.25, 0.1], "uv": [39, 52]}
				]
			},
			{
				"name": "bone64",
				"parent": "rue3",
				"pivot": [-3.625, 8.46755, 5.02355],
				"rotation": [0, 0, 12.5],
				"cubes": [
					{"origin": [-3.5, 7.84255, 4.97355], "size": [0.25, 1, 0.1], "uv": [40, 52]},
					{"origin": [-3.75, 8.59255, 4.97355], "size": [0.25, 0.25, 0.1], "uv": [39, 52]},
					{"origin": [-4, 7.84255, 4.97355], "size": [0.25, 1, 0.1], "uv": [40, 52]},
					{"origin": [-3.35, 7.84255, 4.97355], "size": [0.85, 0.25, 0.1], "uv": [39, 52]}
				]
			},
			{
				"name": "bone16",
				"parent": "bone11",
				"pivot": [0, 3, 0],
				"rotation": [0, -90, 0]
			},
			{
				"name": "bone17",
				"parent": "bone16",
				"pivot": [0, 3, 4.97051],
				"rotation": [10, 0, 0],
				"cubes": [
					{"origin": [-3, 7.65782, 4.97051], "size": [6, 8, 0], "uv": [12, 30]}
				]
			},
			{
				"name": "bone18",
				"parent": "bone17",
				"pivot": [-3, 2.65782, 4.97051],
				"rotation": [0, 0, 9.85108],
				"cubes": [
					{"origin": [-5, 7.65782, 4.96951], "size": [2, 8, 0], "uv": [4, 63]}
				]
			},
			{
				"name": "bone19",
				"parent": "bone17",
				"pivot": [3, 2.65782, 4.97051],
				"rotation": [0, 0, -9.85108],
				"cubes": [
					{"origin": [3, 7.65782, 4.97151], "size": [2, 8, 0], "uv": [0, 63]}
				]
			},
			{
				"name": "rue2",
				"parent": "bone17",
				"pivot": [0, 1.2, -0.1],
				"cubes": [
					{"origin": [1.1, 7.64255, 4.97355], "size": [0.75, 0.25, 0.1], "uv": [39, 52]},
					{"origin": [-1.2, 7.64255, 4.97355], "size": [0.25, 1, 0.1], "uv": [40, 52]},
					{"origin": [-0.95, 8.39255, 4.97355], "size": [0.25, 0.25, 0.1], "uv": [39, 52]},
					{"origin": [-0.7, 7.64255, 4.97355], "size": [0.25, 1, 0.1], "uv": [40, 52]},
					{"origin": [-0.45, 7.64255, 4.97355], "size": [0.8, 0.25, 0.1], "uv": [39, 52]},
					{"origin": [-2.7, 7.64255, 4.97355], "size": [0.25, 1, 0.1], "uv": [40, 52]},
					{"origin": [-2.45, 8.39255, 4.97355], "size": [0.25, 0.25, 0.1], "uv": [39, 52]},
					{"origin": [-2.2, 7.64255, 4.97355], "size": [0.25, 1, 0.1], "uv": [40, 52]},
					{"origin": [-2.05, 7.64255, 4.97355], "size": [0.85, 0.25, 0.1], "uv": [39, 52]},
					{"origin": [2.1, 8.39255, 4.97355], "size": [0.25, 0.25, 0.1], "uv": [39, 52]},
					{"origin": [1.85, 7.64255, 4.97355], "size": [0.25, 1, 0.1], "uv": [40, 52]},
					{"origin": [0.85, 7.64255, 4.97355], "size": [0.25, 1, 0.1], "uv": [40, 52]},
					{"origin": [0.6, 8.39255, 4.97355], "size": [0.25, 0.25, 0.1], "uv": [39, 52]},
					{"origin": [0.35, 7.64255, 4.97355], "size": [0.25, 1, 0.1], "uv": [40, 52]},
					{"origin": [2.35, 7.64255, 4.97355], "size": [0.25, 1, 0.1], "uv": [40, 52]}
				]
			},
			{
				"name": "bone61",
				"parent": "rue2",
				"pivot": [3.675, 8.46755, 5.02355],
				"rotation": [0, 180, -12.5],
				"cubes": [
					{"origin": [3.8, 7.94255, 4.97355], "size": [0.25, 0.9, 0.1], "uv": [40, 52]},
					{"origin": [3.55, 8.59255, 4.97355], "size": [0.25, 0.25, 0.1], "uv": [39, 52]},
					{"origin": [3.3, 7.94255, 4.97355], "size": [0.25, 0.9, 0.1], "uv": [40, 52]},
					{"origin": [3.95, 7.94255, 4.97355], "size": [0.95, 0.25, 0.1], "uv": [39, 52]}
				]
			},
			{
				"name": "bone62",
				"parent": "rue2",
				"pivot": [-3.625, 8.46755, 5.02355],
				"rotation": [0, 0, 12.5],
				"cubes": [
					{"origin": [-3.5, 7.84255, 4.97355], "size": [0.25, 1, 0.1], "uv": [40, 52]},
					{"origin": [-3.75, 8.59255, 4.97355], "size": [0.25, 0.25, 0.1], "uv": [39, 52]},
					{"origin": [-4, 7.84255, 4.97355], "size": [0.25, 1, 0.1], "uv": [40, 52]},
					{"origin": [-3.35, 7.84255, 4.97355], "size": [0.85, 0.25, 0.1], "uv": [39, 52]}
				]
			},
			{
				"name": "bone20",
				"parent": "bone11",
				"pivot": [0, 3, 0],
				"rotation": [0, -180, 0]
			},
			{
				"name": "bone21",
				"parent": "bone20",
				"pivot": [0, 3, 4.97051],
				"rotation": [10, 0, 0],
				"cubes": [
					{"origin": [-3, 7.65782, 4.97051], "size": [6, 8, 0], "uv": [0, 30]}
				]
			},
			{
				"name": "rue",
				"parent": "bone21",
				"pivot": [0, 1.2, 0],
				"cubes": [
					{"origin": [1.1, 7.64255, 5.07355], "size": [0.75, 0.25, 0.1], "uv": [39, 52]},
					{"origin": [-1.2, 7.64255, 5.07355], "size": [0.25, 1, 0.1], "uv": [40, 52]},
					{"origin": [-0.95, 8.39255, 5.07355], "size": [0.25, 0.25, 0.1], "uv": [39, 52]},
					{"origin": [-0.7, 7.64255, 5.07355], "size": [0.25, 1, 0.1], "uv": [40, 52]},
					{"origin": [-0.45, 7.64255, 5.07355], "size": [0.8, 0.25, 0.1], "uv": [39, 52]},
					{"origin": [-2.7, 7.64255, 5.07355], "size": [0.25, 1, 0.1], "uv": [40, 52]},
					{"origin": [-2.45, 8.39255, 5.07355], "size": [0.25, 0.25, 0.1], "uv": [39, 52]},
					{"origin": [-2.2, 7.64255, 5.07355], "size": [0.25, 1, 0.1], "uv": [40, 52]},
					{"origin": [-2.05, 7.64255, 5.07355], "size": [0.85, 0.25, 0.1], "uv": [39, 52]},
					{"origin": [2.1, 8.39255, 5.07355], "size": [0.25, 0.25, 0.1], "uv": [39, 52]},
					{"origin": [1.85, 7.64255, 5.07355], "size": [0.25, 1, 0.1], "uv": [40, 52]},
					{"origin": [0.85, 7.64255, 5.07355], "size": [0.25, 1, 0.1], "uv": [40, 52]},
					{"origin": [0.6, 8.39255, 5.07355], "size": [0.25, 0.25, 0.1], "uv": [39, 52]},
					{"origin": [0.35, 7.64255, 5.07355], "size": [0.25, 1, 0.1], "uv": [40, 52]},
					{"origin": [2.35, 7.64255, 5.07355], "size": [0.25, 1, 0.1], "uv": [40, 52]}
				]
			},
			{
				"name": "bone60",
				"parent": "rue",
				"pivot": [3.675, 8.46755, 5.12355],
				"rotation": [0, 180, -12.5],
				"cubes": [
					{"origin": [3.8, 7.94255, 5.07355], "size": [0.25, 0.9, 0.1], "uv": [40, 52]},
					{"origin": [3.55, 8.59255, 5.07355], "size": [0.25, 0.25, 0.1], "uv": [39, 52]},
					{"origin": [3.3, 7.94255, 5.07355], "size": [0.25, 0.9, 0.1], "uv": [40, 52]},
					{"origin": [3.95, 7.94255, 5.07355], "size": [0.95, 0.25, 0.1], "uv": [39, 52]}
				]
			},
			{
				"name": "bone53",
				"parent": "rue",
				"pivot": [-3.625, 8.46755, 5.12355],
				"rotation": [0, 0, 12.5],
				"cubes": [
					{"origin": [-3.5, 7.84255, 5.07355], "size": [0.25, 1, 0.1], "uv": [40, 52]},
					{"origin": [-3.75, 8.59255, 5.07355], "size": [0.25, 0.25, 0.1], "uv": [39, 52]},
					{"origin": [-4, 7.84255, 5.07355], "size": [0.25, 1, 0.1], "uv": [40, 52]},
					{"origin": [-3.35, 7.84255, 5.07355], "size": [0.85, 0.25, 0.1], "uv": [39, 52]}
				]
			},
			{
				"name": "zhuazi",
				"parent": "bone21",
				"pivot": [0, 1.78473, 5.07355],
				"cubes": [
					{"origin": [-1.45, 10.19255, 5.07355], "size": [2.9, 2.25, 0.1], "uv": [37, 51]}
				]
			},
			{
				"name": "bone51",
				"parent": "zhuazi",
				"pivot": [0, 13.58491, 5.17507],
				"cubes": [
					{"origin": [-0.45, 12.95991, 5.07507], "size": [0.9, 1.25, 0.1], "uv": [40, 51]}
				]
			},
			{
				"name": "bone49",
				"parent": "bone51",
				"pivot": [1.5, 13.33491, 5.17507],
				"rotation": [0, 0, 25],
				"cubes": [
					{"origin": [1.05, 12.70991, 5.07507], "size": [0.9, 1.25, 0.1], "uv": [40, 51]}
				]
			},
			{
				"name": "bone50",
				"parent": "bone51",
				"pivot": [3.5, 2.60209, 5.07507],
				"rotation": [0, 0, -25],
				"cubes": [
					{"origin": [3.05, 13.75991, 5.07507], "size": [0.9, 1.25, 0.1], "uv": [40, 51]}
				]
			},
			{
				"name": "bone48",
				"parent": "zhuazi",
				"pivot": [-0.5, 0.53473, 5.07355],
				"cubes": [
					{"origin": [0.55, 8.94255, 5.07355], "size": [0.4, 1, 0.1], "uv": [40, 51]},
					{"origin": [0.95, 9.44255, 5.07355], "size": [1, 0.5, 0.1], "uv": [39, 52]},
					{"origin": [1.95, 9.44255, 5.07355], "size": [0.5, 1.25, 0.1], "uv": [40, 52]}
				]
			},
			{
				"name": "bone52",
				"parent": "zhuazi",
				"pivot": [-1.43333, 9.73422, 5.17355],
				"rotation": [0, 180, 0],
				"cubes": [
					{"origin": [-2.35, 8.94255, 5.07355], "size": [0.4, 1, 0.1], "uv": [40, 51]},
					{"origin": [-1.95, 9.44255, 5.07355], "size": [1, 0.5, 0.1], "uv": [39, 52]},
					{"origin": [-0.95, 9.44255, 5.07355], "size": [0.5, 1.25, 0.1], "uv": [40, 52]}
				]
			},
			{
				"name": "bone22",
				"parent": "bone21",
				"pivot": [-3, 2.65782, 4.97051],
				"rotation": [0, 0, 9.85108],
				"cubes": [
					{"origin": [-5, 7.65782, 4.96951], "size": [2, 8, 0], "uv": [22, 52]}
				]
			},
			{
				"name": "bone23",
				"parent": "bone21",
				"pivot": [3, 2.65782, 4.97051],
				"rotation": [0, 0, -9.85108],
				"cubes": [
					{"origin": [3, 7.65782, 4.97151], "size": [2, 8, 0], "uv": [18, 52]}
				]
			},
			{
				"name": "bone24",
				"parent": "bone11",
				"pivot": [0, 3, 0],
				"rotation": [0, -270, 0]
			},
			{
				"name": "bone25",
				"parent": "bone24",
				"pivot": [0, 3, 4.97051],
				"rotation": [10, 0, 0],
				"cubes": [
					{"origin": [-3, 7.65782, 4.97051], "size": [6, 8, 0], "uv": [40, 16]}
				]
			},
			{
				"name": "rue4",
				"parent": "bone25",
				"pivot": [0, 1.2, -0.1],
				"cubes": [
					{"origin": [1.1, 7.64255, 4.97355], "size": [0.75, 0.25, 0.1], "uv": [39, 52]},
					{"origin": [-1.2, 7.64255, 4.97355], "size": [0.25, 1, 0.1], "uv": [40, 52]},
					{"origin": [-0.95, 8.39255, 4.97355], "size": [0.25, 0.25, 0.1], "uv": [39, 52]},
					{"origin": [-0.7, 7.64255, 4.97355], "size": [0.25, 1, 0.1], "uv": [40, 52]},
					{"origin": [-0.45, 7.64255, 4.97355], "size": [0.8, 0.25, 0.1], "uv": [39, 52]},
					{"origin": [-2.7, 7.64255, 4.97355], "size": [0.25, 1, 0.1], "uv": [40, 52]},
					{"origin": [-2.45, 8.39255, 4.97355], "size": [0.25, 0.25, 0.1], "uv": [39, 52]},
					{"origin": [-2.2, 7.64255, 4.97355], "size": [0.25, 1, 0.1], "uv": [40, 52]},
					{"origin": [-2.05, 7.64255, 4.97355], "size": [0.85, 0.25, 0.1], "uv": [39, 52]},
					{"origin": [2.1, 8.39255, 4.97355], "size": [0.25, 0.25, 0.1], "uv": [39, 52]},
					{"origin": [1.85, 7.64255, 4.97355], "size": [0.25, 1, 0.1], "uv": [40, 52]},
					{"origin": [0.85, 7.64255, 4.97355], "size": [0.25, 1, 0.1], "uv": [40, 52]},
					{"origin": [0.6, 8.39255, 4.97355], "size": [0.25, 0.25, 0.1], "uv": [39, 52]},
					{"origin": [0.35, 7.64255, 4.97355], "size": [0.25, 1, 0.1], "uv": [40, 52]},
					{"origin": [2.35, 7.64255, 4.97355], "size": [0.25, 1, 0.1], "uv": [40, 52]}
				]
			},
			{
				"name": "bone65",
				"parent": "rue4",
				"pivot": [3.675, 8.46755, 5.02355],
				"rotation": [0, 180, -12.5],
				"cubes": [
					{"origin": [3.8, 7.94255, 4.97355], "size": [0.25, 0.9, 0.1], "uv": [40, 52]},
					{"origin": [3.55, 8.59255, 4.97355], "size": [0.25, 0.25, 0.1], "uv": [39, 52]},
					{"origin": [3.3, 7.94255, 4.97355], "size": [0.25, 0.9, 0.1], "uv": [40, 52]},
					{"origin": [3.95, 7.94255, 4.97355], "size": [0.95, 0.25, 0.1], "uv": [39, 52]}
				]
			},
			{
				"name": "bone66",
				"parent": "rue4",
				"pivot": [-3.625, 8.46755, 5.02355],
				"rotation": [0, 0, 12.5],
				"cubes": [
					{"origin": [-3.5, 7.84255, 4.97355], "size": [0.25, 1, 0.1], "uv": [40, 52]},
					{"origin": [-3.75, 8.59255, 4.97355], "size": [0.25, 0.25, 0.1], "uv": [39, 52]},
					{"origin": [-4, 7.84255, 4.97355], "size": [0.25, 1, 0.1], "uv": [40, 52]},
					{"origin": [-3.35, 7.84255, 4.97355], "size": [0.85, 0.25, 0.1], "uv": [39, 52]}
				]
			},
			{
				"name": "bone26",
				"parent": "bone25",
				"pivot": [-3, 2.65782, 4.97051],
				"rotation": [0, 0, 9.85108],
				"cubes": [
					{"origin": [-5, 7.65782, 4.96951], "size": [2, 8, 0], "uv": [14, 52]}
				]
			},
			{
				"name": "bone27",
				"parent": "bone25",
				"pivot": [3, 2.65782, 4.97051],
				"rotation": [0, 0, -9.85108],
				"cubes": [
					{"origin": [3, 7.65782, 4.97151], "size": [2, 8, 0], "uv": [10, 52]}
				]
			},
			{
				"name": "bone28",
				"parent": "body",
				"pivot": [0, 10.5, 0],
				"cubes": [
					{"origin": [-3.25, 15.75, -3.2], "size": [6.5, 1, 6.4], "uv": [53, 38]}
				]
			},
			{
				"name": "bone29",
				"parent": "body",
				"pivot": [0, 24.75, 0]
			},
			{
				"name": "bone30",
				"parent": "bone29",
				"pivot": [0, 14.25, 0]
			},
			{
				"name": "bone31",
				"parent": "bone30",
				"pivot": [0, 14.25, 3.89238],
				"rotation": [20, 0, 0],
				"cubes": [
					{"origin": [-2, 15.60277, 3.89238], "size": [4, 2, 0], "uv": [0, 101]}
				]
			},
			{
				"name": "bone32",
				"parent": "bone31",
				"pivot": [-2, 13.60277, 3.89238],
				"rotation": [0, 0, 18.88172],
				"cubes": [
					{"origin": [-4, 7.60277, 3.89138], "size": [2, 10, 0], "uv": [68, 18]}
				]
			},
			{
				"name": "zhuazi3",
				"parent": "bone32",
				"pivot": [-4, 13.60277, 3.89238],
				"cubes": [
					{"origin": [-4.5, 4.60277, 3.79238], "size": [3, 3, 0.2], "uv": [50, 58]},
					{"origin": [-3.75, 5.85277, 3.69238], "size": [1.5, 1.5, 0.2], "uv": [50, 62]},
					{"origin": [-4.25, 5.10277, 3.69238], "size": [0.5, 0.5, 0.2], "uv": [51, 64]},
					{"origin": [-2.25, 5.10277, 3.69238], "size": [0.5, 0.5, 0.2], "uv": [51, 64]},
					{"origin": [-3.25, 4.75277, 3.69238], "size": [0.5, 0.5, 0.2], "uv": [51, 64]},
					{"origin": [-3.05, 4.20277, 3.79238], "size": [0.1, 0.4, 0.2], "uv": [51, 64]}
				]
			},
			{
				"name": "bone76",
				"parent": "zhuazi3",
				"pivot": [-1.9, 13.5528, 3.89238],
				"cubes": [
					{"origin": [-2.05, 4.4054, 3.79238], "size": [0.2, 0.2, 0.1], "uv": [51, 64]}
				]
			},
			{
				"name": "bone77",
				"parent": "bone76",
				"pivot": [-1.9, 4.40277, 3.89238],
				"rotation": [0, 0, -17.5],
				"cubes": [
					{"origin": [-2.06809, 4.2654, 3.79238], "size": [0.1, 0.4, 0.1], "uv": [51, 64]}
				]
			},
			{
				"name": "bone78",
				"parent": "bone76",
				"pivot": [-1.9, 4.40277, 3.89238],
				"rotation": [0, 0, 17.5],
				"cubes": [
					{"origin": [-1.96552, 4.2654, 3.79238], "size": [0.1, 0.4, 0.1], "uv": [51, 64]}
				]
			},
			{
				"name": "bone79",
				"parent": "zhuazi3",
				"pivot": [-4, 13.60277, 3.89238],
				"cubes": [
					{"origin": [-4.15, 4.40277, 3.79238], "size": [0.2, 0.2, 0.1], "uv": [51, 64]}
				]
			},
			{
				"name": "bone80",
				"parent": "bone79",
				"pivot": [-4, 4.40277, 3.89238],
				"rotation": [0, 0, -17.5],
				"cubes": [
					{"origin": [-4.15, 4.30277, 3.79238], "size": [0.1, 0.4, 0.1], "uv": [51, 64]}
				]
			},
			{
				"name": "bone81",
				"parent": "bone79",
				"pivot": [-4, 4.40277, 3.89238],
				"rotation": [0, 0, 17.5],
				"cubes": [
					{"origin": [-4.06552, 4.23482, 3.79238], "size": [0.1, 0.4, 0.1], "uv": [51, 64]}
				]
			},
			{
				"name": "bone82",
				"parent": "zhuazi3",
				"pivot": [-2.9, 13.5528, 3.89238],
				"cubes": [
					{"origin": [-3.1, 4.4054, 3.79238], "size": [0.2, 0.2, 0.1], "uv": [51, 64]}
				]
			},
			{
				"name": "bone83",
				"parent": "bone82",
				"pivot": [-2.9, 4.40277, 3.89238],
				"rotation": [0, 0, -17.5],
				"cubes": [
					{"origin": [-3.10783, 4.22706, 3.79238], "size": [0.1, 0.5, 0.1], "uv": [51, 64]}
				]
			},
			{
				"name": "bone84",
				"parent": "bone82",
				"pivot": [-2.9, 4.40277, 3.89238],
				"rotation": [0, 0, 17.5],
				"cubes": [
					{"origin": [-2.98292, 4.16692, 3.79238], "size": [0.1, 0.5, 0.1], "uv": [51, 64]}
				]
			},
			{
				"name": "bone33",
				"parent": "bone31",
				"pivot": [2, 13.60277, 3.89238],
				"rotation": [0, 0, -18.88172],
				"cubes": [
					{"origin": [2, 7.60277, 3.89338], "size": [2, 10, 0], "uv": [68, 18]}
				]
			},
			{
				"name": "zhuazi2",
				"parent": "bone33",
				"pivot": [2, 13.60277, 3.89238],
				"cubes": [
					{"origin": [1.5, 4.60277, 3.79238], "size": [3, 3, 0.2], "uv": [50, 58]},
					{"origin": [2.25, 5.85277, 3.69238], "size": [1.5, 1.5, 0.2], "uv": [50, 62]},
					{"origin": [1.75, 5.10277, 3.69238], "size": [0.5, 0.5, 0.2], "uv": [51, 64]},
					{"origin": [3.75, 5.10277, 3.69238], "size": [0.5, 0.5, 0.2], "uv": [51, 64]},
					{"origin": [2.75, 4.75277, 3.69238], "size": [0.5, 0.5, 0.2], "uv": [51, 64]},
					{"origin": [2.95, 4.20277, 3.79238], "size": [0.1, 0.4, 0.2], "uv": [51, 64]}
				]
			},
			{
				"name": "bone67",
				"parent": "zhuazi2",
				"pivot": [4.1, 13.5528, 3.89238],
				"cubes": [
					{"origin": [3.95, 4.4054, 3.79238], "size": [0.2, 0.2, 0.1], "uv": [51, 64]}
				]
			},
			{
				"name": "bone68",
				"parent": "bone67",
				"pivot": [4.1, 4.40277, 3.89238],
				"rotation": [0, 0, -17.5],
				"cubes": [
					{"origin": [3.93191, 4.2654, 3.79238], "size": [0.1, 0.4, 0.1], "uv": [51, 64]}
				]
			},
			{
				"name": "bone69",
				"parent": "bone67",
				"pivot": [4.1, 4.40277, 3.89238],
				"rotation": [0, 0, 17.5],
				"cubes": [
					{"origin": [4.03448, 4.2654, 3.79238], "size": [0.1, 0.4, 0.1], "uv": [51, 64]}
				]
			},
			{
				"name": "bone70",
				"parent": "zhuazi2",
				"pivot": [2, 13.60277, 3.89238],
				"cubes": [
					{"origin": [1.85, 4.40277, 3.79238], "size": [0.2, 0.2, 0.1], "uv": [51, 64]}
				]
			},
			{
				"name": "bone71",
				"parent": "bone70",
				"pivot": [2, 4.40277, 3.89238],
				"rotation": [0, 0, -17.5],
				"cubes": [
					{"origin": [1.85, 4.30277, 3.79238], "size": [0.1, 0.4, 0.1], "uv": [51, 64]}
				]
			},
			{
				"name": "bone72",
				"parent": "bone70",
				"pivot": [2, 4.40277, 3.89238],
				"rotation": [0, 0, 17.5],
				"cubes": [
					{"origin": [1.93448, 4.23482, 3.79238], "size": [0.1, 0.4, 0.1], "uv": [51, 64]}
				]
			},
			{
				"name": "bone73",
				"parent": "zhuazi2",
				"pivot": [3.1, 13.5528, 3.89238],
				"cubes": [
					{"origin": [2.9, 4.4054, 3.79238], "size": [0.2, 0.2, 0.1], "uv": [51, 64]}
				]
			},
			{
				"name": "bone74",
				"parent": "bone73",
				"pivot": [3.1, 4.40277, 3.89238],
				"rotation": [0, 0, -17.5],
				"cubes": [
					{"origin": [2.89217, 4.22706, 3.79238], "size": [0.1, 0.5, 0.1], "uv": [51, 64]}
				]
			},
			{
				"name": "bone75",
				"parent": "bone73",
				"pivot": [3.1, 4.40277, 3.89238],
				"rotation": [0, 0, 17.5],
				"cubes": [
					{"origin": [3.01708, 4.16692, 3.79238], "size": [0.1, 0.5, 0.1], "uv": [51, 64]}
				]
			},
			{
				"name": "bone34",
				"parent": "bone29",
				"pivot": [0, 14.25, 0],
				"rotation": [0, -90, 0]
			},
			{
				"name": "bone35",
				"parent": "bone34",
				"pivot": [0, 14.25, 3.89238],
				"rotation": [20, 0, 0]
			},
			{
				"name": "bone36",
				"parent": "bone35",
				"pivot": [-2, 13.60277, 3.89238],
				"rotation": [0, 0, 18.88172]
			},
			{
				"name": "bone37",
				"parent": "bone35",
				"pivot": [2, 13.60277, 3.89238],
				"rotation": [0, 0, -18.88172],
				"cubes": [
					{"origin": [2, 13.60277, 3.89338], "size": [2, 4, 0], "uv": [51, 50]}
				]
			},
			{
				"name": "bone38",
				"parent": "bone29",
				"pivot": [0, 14.25, 0],
				"rotation": [0, -180, 0]
			},
			{
				"name": "bone39",
				"parent": "bone38",
				"pivot": [0, 14.25, 3.89238],
				"rotation": [20, 0, 0]
			},
			{
				"name": "bone40",
				"parent": "bone39",
				"pivot": [-2, 13.60277, 3.89238],
				"rotation": [0, 0, 18.88172]
			},
			{
				"name": "bone41",
				"parent": "bone39",
				"pivot": [2, 13.60277, 3.89238],
				"rotation": [0, 0, -18.88172]
			},
			{
				"name": "bone42",
				"parent": "bone29",
				"pivot": [0, 14.25, 0],
				"rotation": [0, -270, 0]
			},
			{
				"name": "bone43",
				"parent": "bone42",
				"pivot": [0, 14.25, 3.89238],
				"rotation": [20, 0, 0]
			},
			{
				"name": "bone44",
				"parent": "bone43",
				"pivot": [-2, 13.60277, 3.89238],
				"rotation": [0, 0, 18.88172],
				"cubes": [
					{"origin": [-4, 13.60277, 3.89138], "size": [2, 4, 0], "uv": [0, 0]}
				]
			},
			{
				"name": "bone45",
				"parent": "bone43",
				"pivot": [2, 13.60277, 3.89238],
				"rotation": [0, 0, -18.88172]
			},
			{
				"name": "legLeft",
				"pivot": [1.5, 8.5, 0],
				"cubes": [
					{"origin": [0.249, 0.1, -1.5], "size": [2.5, 9.4, 2.5], "uv": [8, 41]},
					{"origin": [-0.001, 0, -1.75], "size": [3, 1.25, 3], "uv": [33, 59]},
					{"origin": [-0.001, 3.3, -1.75], "size": [3, 2, 3], "uv": [0, 123]},
					{"origin": [-0.001, 6.8, -1.75], "size": [3, 3, 3], "uv": [28, 122]},
					{"origin": [0.099, 3, -1.65], "size": [2.8, 0.25, 2.8], "uv": [37, 54]},
					{"origin": [0.099, 2.75, -1.65], "size": [2.8, 0.25, 2.8], "uv": [14, 125]}
				]
			},
			{
				"name": "legRight",
				"pivot": [-1.5, 8.5, 0],
				"cubes": [
					{"origin": [-2.749, 0.1, -1.5], "size": [2.5, 9.4, 2.5], "uv": [8, 41]},
					{"origin": [-3.001, 0, -1.75], "size": [3, 1.25, 3], "uv": [33, 59]},
					{"origin": [-3.001, 3.3, -1.75], "size": [3, 2, 3], "uv": [0, 123]},
					{"origin": [-2.901, 3, -1.65], "size": [2.8, 0.25, 2.8], "uv": [37, 54]},
					{"origin": [-2.901, 2.75, -1.65], "size": [2.8, 0.25, 2.8], "uv": [14, 125]},
					{"origin": [-3.001, 6.8, -1.75], "size": [3, 3, 3], "uv": [28, 122]}
				]
			}
		]
	}
}