{
	"format_version": "1.10.0",
	"geometry.model": {
		"texturewidth": 128,
		"textureheight": 128,
		"visible_bounds_width": 3,
		"visible_bounds_height": 4,
		"visible_bounds_offset": [0, 1, 0],
		"bones": [
			{
				"name": "head",
				"pivot": [0, 16.75, 0],
				"cubes": [
					{"origin": [-4, 16.7, -4], "size": [8, 8, 8], "uv": [32, 0]},
					{"origin": [-4.25, 16.45, -4.25], "size": [8.5, 8.5, 8.5], "uv": [0, 0]},
					{"origin": [-4.25, 7.95, 1.05], "size": [8.5, 8.5, 3.2], "uv": [0, 111]},
					{"origin": [-4.5, 16.45, -4.5], "size": [9, 8.75, 9], "uv": [64, 0]},
					{"origin": [-4.25, 14.45, -4.25], "size": [1, 2, 1], "uv": [0, 73]},
					{"origin": [3.25, 14.45, -4.25], "size": [1, 2, 1], "uv": [46, 68]}
				]
			},
			{
				"name": "bone",
				"parent": "head",
				"pivot": [0, 14.75, 0],
				"cubes": [
					{"origin": [4.5, 19.75, 0], "size": [3, 3, 0], "uv": [102, 1]}
				]
			},
			{
				"name": "bone2",
				"parent": "bone",
				"pivot": [-6, 20.25, 0],
				"rotation": [0, 180, 0],
				"cubes": [
					{"origin": [-7.5, 19.75, 0], "size": [3, 3, 0], "uv": [102, 1]}
				]
			},
			{
				"name": "blink",
				"parent": "head",
				"pivot": [0, 18, 0],
				"cubes": [
					{"origin": [-4, 16.7, -4.101], "size": [8, 8, 0], "uv": [48, 16]}
				]
			},
			{
				"name": "hair",
				"parent": "head",
				"pivot": [0, 18, 0]
			},
			{
				"name": "armRight",
				"pivot": [-3, 16, 0],
				"rotation": [0, 0, 25],
				"cubes": [
					{"origin": [-5.08453, 7.83126, -1], "size": [2, 7.35, 2], "uv": [0, 55]},
					{"origin": [-5.33453, 7.58126, -1.25], "size": [2.5, 7.85, 2.5], "uv": [40, 31]}
				]
			},
			{
				"name": "armLeft",
				"pivot": [3.25, 16, 0],
				"rotation": [0, 0, -25],
				"cubes": [
					{"origin": [2.85795, 7.68692, -1.25], "size": [2.5, 7.85, 2.5], "uv": [53, 32]},
					{"origin": [3.10795, 7.93692, -1], "size": [2, 7.35, 2], "uv": [42, 45]}
				]
			},
			{
				"name": "body",
				"pivot": [0, 10.5, 0],
				"cubes": [
					{"origin": [-3, 8.199, -3], "size": [6, 8.5, 6], "uv": [0, 16]},
					{"origin": [-3.25, 8.049, -3.15], "size": [6.45, 8.9, 6.3], "uv": [56, 18]},
					{"origin": [-3.25, 6.049, -3.15], "size": [6.45, 2, 6.3], "uv": [82, 25]}
				]
			},
			{
				"name": "bone3",
				"parent": "body",
				"pivot": [0, 10.5, 0],
				"cubes": [
					{"origin": [0, 10.5, 3], "size": [0, 4, 3], "uv": [0, 93]}
				]
			},
			{
				"name": "legLeft",
				"pivot": [2, 9, 0],
				"cubes": [
					{"origin": [0.249, 0, -1.5], "size": [2.5, 8.5, 2.5], "uv": [20, 45]}
				]
			},
			{
				"name": "legRight",
				"pivot": [-2, 9, 0],
				"cubes": [
					{"origin": [-2.749, 0, -1.5], "size": [2.5, 8.5, 2.5], "uv": [12, 45]}
				]
			},
			{
				"name": "tail",
				"pivot": [0, 8, 2.25],
				"rotation": [-42.5, 0, 0]
			},
			{
				"name": "tail2",
				"parent": "tail",
				"pivot": [0, 7.75, 2.5],
				"rotation": [-7.5, 0, 0],
				"cubes": [
					{"origin": [-1.5, 7.49983, 1.79483], "size": [3, 2, 2], "uv": [0, 84]}
				]
			},
			{
				"name": "bone4",
				"parent": "tail2",
				"pivot": [0, 8.25, 3.5],
				"rotation": [15, 0, 0],
				"cubes": [
					{"origin": [-1, 7.99983, 3.79483], "size": [2, 1, 2], "uv": [0, 84]}
				]
			},
			{
				"name": "bone5",
				"parent": "bone4",
				"pivot": [0, 7.75, 2.5],
				"cubes": [
					{"origin": [0, 4.99983, 5.29483], "size": [0, 7, 4], "uv": [18, 82]}
				]
			},
			{
				"name": "backpackPositioningBone",
				"pivot": [0, 15.25, 0]
			}
		]
	}
}