{
	"format_version": "1.10.0",
	"geometry.model": {
		"texturewidth": 128,
		"textureheight": 128,
		"visible_bounds_width": 3,
		"visible_bounds_height": 4,
		"visible_bounds_offset": [0, 1, 0],
		"bones": [
			{
				"name": "head",
				"pivot": [0, 16.75, 0],
				"cubes": [
					{"origin": [-4, 16.7, -4], "size": [8, 8, 8], "uv": [32, 0]},
					{"origin": [-4.25, 16.45, -4.25], "size": [8.5, 8.5, 8.5], "uv": [0, 0]},
					{"origin": [-4.25, 11.95, -4.25], "size": [8.5, 4.5, 0], "uv": [56, 23]}
				]
			},
			{
				"name": "bone8",
				"parent": "head",
				"pivot": [0, 13.45, 5.5],
				"rotation": [17.5, 0, 0],
				"cubes": [
					{"origin": [-4.25, 9.2, 5.5], "size": [8.5, 8.5, 0], "uv": [40, 16]}
				]
			},
			{
				"name": "bone108",
				"parent": "head",
				"pivot": [-4.7, 24.3, -2.4],
				"rotation": [-95.40249, -6.68156, -51.54592]
			},
			{
				"name": "bone6",
				"parent": "bone108",
				"pivot": [-4.42331, 24.375, -2.45004],
				"rotation": [-45, 0, 0],
				"cubes": [
					{"origin": [-6.12331, 24.05, -2.72504], "size": [2.4, 0.45, 0.45], "uv": [12, 47]}
				]
			},
			{
				"name": "bone5",
				"parent": "bone108",
				"pivot": [-4.7, 24.3, -2.4],
				"cubes": [
					{"origin": [-3.87331, 24.3, -2.57504], "size": [0.9, 0.2, 0.1], "uv": [35, 54]}
				]
			},
			{
				"name": "ahoge",
				"parent": "head",
				"pivot": [0, 26, 0],
				"cubes": [
					{"origin": [-2, 25, 0], "size": [4, 5, 0], "uv": [4, 40]}
				]
			},
			{
				"name": "blink",
				"parent": "head",
				"pivot": [0, 18, 0],
				"cubes": [
					{"origin": [-4, 16.7, -4.001], "size": [8, 8, 0], "uv": [24, 16]}
				]
			},
			{
				"name": "bone",
				"parent": "head",
				"pivot": [0.5, 18, 0.25]
			},
			{
				"name": "bone2",
				"parent": "bone",
				"pivot": [0, 26.125, -2]
			},
			{
				"name": "bone3",
				"parent": "bone2",
				"pivot": [2.5, 26.125, -2],
				"rotation": [0, 0, 7.5],
				"cubes": [
					{"origin": [0.25, 23.5, -3.25], "size": [4.5, 4.5, 2.5], "uv": [40, 30], "inflate": -1},
					{"origin": [1, 23.5, -3], "size": [3, 5.25, 2.75], "uv": [68, 30], "inflate": -1}
				]
			},
			{
				"name": "bone4",
				"parent": "bone2",
				"pivot": [-2.5, 26.125, -2],
				"rotation": [0, 0, -7.5],
				"cubes": [
					{"origin": [-4, 23.75, -3], "size": [3, 5, 2.75], "uv": [68, 30], "inflate": -1},
					{"origin": [-4.75, 23.5, -3.25], "size": [4.5, 4.5, 2.5], "uv": [40, 30], "inflate": -1}
				]
			},
			{
				"name": "hair",
				"parent": "head",
				"pivot": [0, 18, 0]
			},
			{
				"name": "armRight",
				"pivot": [-3, 16, 0],
				"rotation": [0, 0, 25],
				"cubes": [
					{"origin": [-5.08453, 7.83126, -1], "size": [2, 7.35, 2], "uv": [60, 30]}
				]
			},
			{
				"name": "bone158",
				"parent": "armRight",
				"pivot": [3, 16, 0],
				"cubes": [
					{"origin": [-5.26547, 8.83126, -1.25], "size": [2.5, 6.6, 2.5], "uv": [33, 44], "mirror": true},
					{"origin": [-5.16547, 8.38126, -1.15], "size": [2.3, 0.1, 2.3], "uv": [34, 53]},
					{"origin": [-5.16547, 8.68126, -1.15], "size": [2.3, 0.1, 2.3], "uv": [34, 53]},
					{"origin": [-5.16547, 8.98126, -1.15], "size": [2.3, 0.1, 2.3], "uv": [34, 53]}
				]
			},
			{
				"name": "armLeft",
				"pivot": [3, 16, 0],
				"rotation": [0, 0, -25],
				"cubes": [
					{"origin": [3.08453, 7.83126, -1], "size": [2, 7.35, 2], "uv": [52, 30]}
				]
			},
			{
				"name": "bone157",
				"parent": "armLeft",
				"pivot": [3, 16, 0],
				"cubes": [
					{"origin": [2.83453, 8.83126, -1.25], "size": [2.5, 6.6, 2.5], "uv": [33, 44]},
					{"origin": [2.93453, 8.38126, -1.15], "size": [2.3, 0.1, 2.3], "uv": [34, 53]},
					{"origin": [2.93453, 8.68126, -1.15], "size": [2.3, 0.1, 2.3], "uv": [34, 53]},
					{"origin": [2.93453, 8.98126, -1.15], "size": [2.3, 0.1, 2.3], "uv": [34, 53]}
				]
			},
			{
				"name": "body",
				"pivot": [0, 10.5, 0],
				"cubes": [
					{"origin": [-3, 8.199, -3], "size": [6, 8.5, 6], "uv": [0, 16]}
				]
			},
			{
				"name": "bone15",
				"parent": "body",
				"pivot": [0, 14.5, -3],
				"cubes": [
					{"origin": [-3.25, 7.949, -3.25], "size": [6.5, 9, 6.5], "uv": [89, 0]}
				]
			},
			{
				"name": "bone91",
				"parent": "bone15",
				"pivot": [1.4, 13.75, -2.95],
				"rotation": [18.0749, 39.8835, 39.60149],
				"cubes": [
					{"origin": [0.4, 11.25, -2.95], "size": [2, 5, 0], "uv": [0, 66]}
				]
			},
			{
				"name": "bone92",
				"parent": "bone15",
				"pivot": [-1.5, 13.75, -3],
				"rotation": [18.0749, -39.88345, -35.39851],
				"cubes": [
					{"origin": [-2.5, 11.25, -3], "size": [2, 5, 0], "uv": [0, 66], "mirror": true}
				]
			},
			{
				"name": "bone97",
				"parent": "bone15",
				"pivot": [0.2, 14.5, -3],
				"rotation": [0, 0, 0],
				"cubes": [
					{"origin": [-0.95, 15.5, -3.35], "size": [1.75, 1, 1], "uv": [0, 79]},
					{"origin": [-0.3283, 11.69066, -3.251], "size": [0.6, 4, 0], "uv": [0, 72]}
				]
			},
			{
				"name": "bone95",
				"parent": "bone97",
				"pivot": [1, 14.5, -3.25],
				"rotation": [-180, 0, 175],
				"cubes": [
					{"origin": [1.43707, 11.79351, -3.251], "size": [0.5, 4, 0], "uv": [0, 72]}
				]
			},
			{
				"name": "bone96",
				"parent": "bone95",
				"pivot": [1, 12.75, -3.25],
				"rotation": [0, 0, -57.5],
				"cubes": [
					{"origin": [0.42814, 10.86746, -3.251], "size": [0.5, 1, 0], "uv": [0, 75]}
				]
			},
			{
				"name": "bone93",
				"parent": "bone97",
				"pivot": [-0.25, 14.5, -3.25],
				"rotation": [0, 0, 2.5],
				"cubes": [
					{"origin": [-0.69068, 11.70865, -3.25], "size": [0.5, 4, 0], "uv": [0, 72]}
				]
			},
			{
				"name": "bone94",
				"parent": "bone93",
				"pivot": [-0.25, 12.75, -3.25],
				"rotation": [0, 0, -57.5],
				"cubes": [
					{"origin": [-1.36504, 11.56215, -3.25], "size": [0.5, 1, 0], "uv": [0, 75]}
				]
			},
			{
				"name": "bone98",
				"parent": "bone15",
				"pivot": [-0.5, 10.25, -3.3],
				"rotation": [-12.08681, -3.21132, -14.65993],
				"cubes": [
					{"origin": [-3, 9.75, -3.3], "size": [6, 1, 0], "uv": [0, 84]}
				]
			},
			{
				"name": "bone149",
				"parent": "bone98",
				"pivot": [-0.25977, 8.24879, -3.65345],
				"rotation": [-0.37095, 10.41492, 41.64878],
				"cubes": [
					{"origin": [-1.50977, 7.74879, -3.65345], "size": [1, 1, 0.1], "uv": [13, 87]}
				]
			},
			{
				"name": "bone150",
				"parent": "bone149",
				"pivot": [-2.00977, 8.24879, -3.65345],
				"rotation": [-13.51061, -3.87314, 40.67293],
				"cubes": [
					{"origin": [-2.25977, 7.99879, -3.65345], "size": [0.5, 0.5, 0.1], "uv": [2, 87]}
				]
			},
			{
				"name": "bone151",
				"parent": "bone149",
				"pivot": [1.74023, 8.49879, -2.65345],
				"rotation": [-5.22394, -38.45267, -10.56717],
				"cubes": [
					{"origin": [1.49023, 8.24879, -2.55345], "size": [0.5, 0.5, 0.1], "uv": [2, 87]}
				]
			},
			{
				"name": "bone152",
				"parent": "bone98",
				"pivot": [0.14023, 8.24879, -3.45345],
				"rotation": [7.84918, -1.58946, -26.91151],
				"cubes": [
					{"origin": [-0.10977, 7.99879, -3.45345], "size": [0.25, 0.25, 0.1], "uv": [2, 87]}
				]
			},
			{
				"name": "bone153",
				"parent": "bone98",
				"pivot": [0.89023, 7.74879, -3.25345],
				"rotation": [5.12833, -20.87946, -27.47692],
				"cubes": [
					{"origin": [0.54023, 7.49879, -3.25345], "size": [0.25, 0.25, 0.1], "uv": [2, 87]}
				]
			},
			{
				"name": "bone156",
				"parent": "bone15",
				"pivot": [0, 14.5, -16],
				"cubes": [
					{"origin": [-2.7, 11.11478, -3.30571], "size": [0.25, 4, 0], "uv": [0, 91]},
					{"origin": [2.5, 11.11478, -3.30571], "size": [0.25, 4, 0], "uv": [0, 91]}
				]
			},
			{
				"name": "bone58",
				"parent": "body",
				"pivot": [0, 12.5, 0]
			},
			{
				"name": "bone59",
				"parent": "bone58",
				"pivot": [0, 2, 0]
			},
			{
				"name": "bone60",
				"parent": "bone59",
				"pivot": [0, 2, 2.97956],
				"rotation": [20, 0, 0],
				"cubes": [
					{"origin": [-1, 1.71478, 7.19329], "size": [2, 12, 0], "uv": [0, 52]}
				]
			},
			{
				"name": "bone61",
				"parent": "bone60",
				"pivot": [-1, 1.71478, 2.97956],
				"rotation": [0, 0, 8.19901],
				"cubes": [
					{"origin": [-3, 1.71478, 7.19229], "size": [2, 12, 0], "uv": [0, 52]}
				]
			},
			{
				"name": "bone62",
				"parent": "bone60",
				"pivot": [1, 1.71478, 2.97956],
				"rotation": [0, 0, -8.19901],
				"cubes": [
					{"origin": [1, 1.71478, 7.19429], "size": [2, 12, 0], "uv": [0, 52]}
				]
			},
			{
				"name": "bone63",
				"parent": "bone58",
				"pivot": [0, 2, 0],
				"rotation": [0, -45, 0]
			},
			{
				"name": "bone64",
				"parent": "bone63",
				"pivot": [0, 2, 2.97956],
				"rotation": [20, 0, 0],
				"cubes": [
					{"origin": [-1, 1.71478, 7.19329], "size": [2, 12, 0], "uv": [0, 52]}
				]
			},
			{
				"name": "bone65",
				"parent": "bone64",
				"pivot": [-1, 1.71478, 2.97956],
				"rotation": [0, 0, 8.19901],
				"cubes": [
					{"origin": [-3, 1.71478, 7.19229], "size": [2, 12, 0], "uv": [0, 52]}
				]
			},
			{
				"name": "bone66",
				"parent": "bone64",
				"pivot": [1, 1.71478, 2.97956],
				"rotation": [0, 0, -8.19901],
				"cubes": [
					{"origin": [1, 1.71478, 7.19429], "size": [2, 12, 0], "uv": [0, 52]}
				]
			},
			{
				"name": "bone67",
				"parent": "bone58",
				"pivot": [0, 2, 0],
				"rotation": [0, -90, 0]
			},
			{
				"name": "bone68",
				"parent": "bone67",
				"pivot": [0, 2, 2.97956],
				"rotation": [20, 0, 0],
				"cubes": [
					{"origin": [-1, 1.71478, 7.19329], "size": [2, 12, 0], "uv": [0, 52]}
				]
			},
			{
				"name": "bone69",
				"parent": "bone68",
				"pivot": [-1, 1.71478, 2.97956],
				"rotation": [0, 0, 8.19901],
				"cubes": [
					{"origin": [-3, 1.71478, 7.19229], "size": [2, 12, 0], "uv": [0, 52]}
				]
			},
			{
				"name": "bone70",
				"parent": "bone68",
				"pivot": [1, 1.71478, 2.97956],
				"rotation": [0, 0, -8.19901],
				"cubes": [
					{"origin": [1, 1.71478, 7.19429], "size": [2, 12, 0], "uv": [0, 52]}
				]
			},
			{
				"name": "bone71",
				"parent": "bone58",
				"pivot": [0, 2, 0],
				"rotation": [0, -135, 0]
			},
			{
				"name": "bone72",
				"parent": "bone71",
				"pivot": [0, 2, 2.97956],
				"rotation": [20, 0, 0],
				"cubes": [
					{"origin": [-1, 1.71478, 7.19329], "size": [2, 12, 0], "uv": [0, 52]}
				]
			},
			{
				"name": "bone73",
				"parent": "bone72",
				"pivot": [-1, 1.71478, 2.97956],
				"rotation": [0, 0, 8.19901]
			},
			{
				"name": "bone74",
				"parent": "bone72",
				"pivot": [1, 1.71478, 2.97956],
				"rotation": [0, 0, -8.19901],
				"cubes": [
					{"origin": [0.75, 1.71478, 7.19429], "size": [2.25, 12, 0], "uv": [0, 52]}
				]
			},
			{
				"name": "bone154",
				"parent": "bone74",
				"pivot": [-0.25, 1.71478, 2.97956],
				"rotation": [0, 0, 2.5],
				"cubes": [
					{"origin": [0.25, 2.71478, 7.19429], "size": [0.25, 8, 0.1], "uv": [0, 93]},
					{"origin": [-0.25, 5.21478, 7.19429], "size": [1.25, 0.25, 0.1], "uv": [0, 90]},
					{"origin": [-0.5, 4.21478, 7.19429], "size": [1.75, 0.25, 0.1], "uv": [0, 90]},
					{"origin": [-0.25, 3.46478, 7.19429], "size": [1.25, 0.25, 0.1], "uv": [0, 90]}
				]
			},
			{
				"name": "bone161",
				"parent": "bone74",
				"pivot": [2.375, 7.33978, 7.29429],
				"rotation": [0, 0, 60],
				"cubes": [
					{"origin": [-0.25, 7.96478, 7.19429], "size": [2.25, 0.25, 0.1], "uv": [0, 90]}
				]
			},
			{
				"name": "bone75",
				"parent": "bone58",
				"pivot": [0, 2, 0],
				"rotation": [0, -180, 0]
			},
			{
				"name": "bone76",
				"parent": "bone75",
				"pivot": [0, 2, 2.97956],
				"rotation": [20, 0, 0]
			},
			{
				"name": "bone77",
				"parent": "bone76",
				"pivot": [-1, 1.71478, 2.97956],
				"rotation": [0, 0, 8.19901]
			},
			{
				"name": "bone78",
				"parent": "bone76",
				"pivot": [1, 1.71478, 2.97956],
				"rotation": [0, 0, -8.19901]
			},
			{
				"name": "bone79",
				"parent": "bone58",
				"pivot": [0, 2, 0],
				"rotation": [0, -225, 0]
			},
			{
				"name": "bone80",
				"parent": "bone79",
				"pivot": [0, 2, 2.97956],
				"rotation": [20, 0, 0],
				"cubes": [
					{"origin": [-1, 1.71478, 7.19329], "size": [2, 12, 0], "uv": [0, 52]}
				]
			},
			{
				"name": "bone81",
				"parent": "bone80",
				"pivot": [-1, 1.71478, 2.97956],
				"rotation": [0, 0, 8.19901],
				"cubes": [
					{"origin": [-3, 1.71478, 7.19229], "size": [2.25, 12, 0], "uv": [0, 52]}
				]
			},
			{
				"name": "bone155",
				"parent": "bone81",
				"pivot": [0.75, 1.71478, 2.97956],
				"rotation": [0, 0, -2.5],
				"cubes": [
					{"origin": [-0.5, 2.71478, 7.19429], "size": [0.25, 8, 0.1], "uv": [0, 93]},
					{"origin": [-1, 5.21478, 7.19429], "size": [1.25, 0.25, 0.1], "uv": [0, 90]},
					{"origin": [-1.25, 4.21478, 7.19429], "size": [1.75, 0.25, 0.1], "uv": [0, 90]},
					{"origin": [-1, 3.46478, 7.19429], "size": [1.25, 0.25, 0.1], "uv": [0, 90]}
				]
			},
			{
				"name": "bone162",
				"parent": "bone81",
				"pivot": [-1.625, 7.33978, 7.29429],
				"rotation": [0, 0, -60],
				"cubes": [
					{"origin": [-1.75, 8.46478, 7.19429], "size": [2.25, 0.25, 0.1], "uv": [0, 90]}
				]
			},
			{
				"name": "bone82",
				"parent": "bone80",
				"pivot": [1, 1.71478, 2.97956],
				"rotation": [0, 0, -8.19901]
			},
			{
				"name": "bone83",
				"parent": "bone58",
				"pivot": [0, 2, 0],
				"rotation": [0, -270, 0]
			},
			{
				"name": "bone84",
				"parent": "bone83",
				"pivot": [0, 2, 2.97956],
				"rotation": [20, 0, 0],
				"cubes": [
					{"origin": [-1, 1.71478, 7.19329], "size": [2, 12, 0], "uv": [0, 52]}
				]
			},
			{
				"name": "bone85",
				"parent": "bone84",
				"pivot": [-1, 1.71478, 2.97956],
				"rotation": [0, 0, 8.19901],
				"cubes": [
					{"origin": [-3, 1.71478, 7.19229], "size": [2, 12, 0], "uv": [0, 52]}
				]
			},
			{
				"name": "bone86",
				"parent": "bone84",
				"pivot": [1, 1.71478, 2.97956],
				"rotation": [0, 0, -8.19901],
				"cubes": [
					{"origin": [1, 1.71478, 7.19429], "size": [2, 12, 0], "uv": [0, 52]}
				]
			},
			{
				"name": "bone87",
				"parent": "bone58",
				"pivot": [0, 2, 0],
				"rotation": [0, -315, 0]
			},
			{
				"name": "bone88",
				"parent": "bone87",
				"pivot": [0, 2, 2.97956],
				"rotation": [20, 0, 0],
				"cubes": [
					{"origin": [-1, 1.71478, 7.19329], "size": [2, 12, 0], "uv": [0, 52]}
				]
			},
			{
				"name": "bone89",
				"parent": "bone88",
				"pivot": [-1, 1.71478, 2.97956],
				"rotation": [0, 0, 8.19901],
				"cubes": [
					{"origin": [-3, 1.71478, 7.19229], "size": [2, 12, 0], "uv": [0, 52]}
				]
			},
			{
				"name": "bone90",
				"parent": "bone88",
				"pivot": [1, 1.71478, 2.97956],
				"rotation": [0, 0, -8.19901],
				"cubes": [
					{"origin": [1, 1.71478, 7.19429], "size": [2, 12, 0], "uv": [0, 52]}
				]
			},
			{
				"name": "sittingRotationSkirt",
				"parent": "body",
				"pivot": [0, 10.5, 0]
			},
			{
				"name": "bone7",
				"parent": "sittingRotationSkirt",
				"pivot": [0, 5.5, 0]
			},
			{
				"name": "bone9",
				"parent": "bone7",
				"pivot": [0, -5, 0]
			},
			{
				"name": "bone10",
				"parent": "bone9",
				"pivot": [0, -5, 1.99755],
				"rotation": [15, 0, 0],
				"cubes": [
					{"origin": [-1, 6.03361, 7.0686], "size": [2, 4, 0], "uv": [4, 57]}
				]
			},
			{
				"name": "bone11",
				"parent": "bone10",
				"pivot": [-1, -5.06992, 1.99755],
				"rotation": [0, 0, 4.00939],
				"cubes": [
					{"origin": [-2.00724, 6.03335, 7.0676], "size": [1, 4, 0], "uv": [12, 52]}
				]
			},
			{
				"name": "bone12",
				"parent": "bone10",
				"pivot": [1, -5.06992, 1.99755],
				"rotation": [0, 0, -4.00939],
				"cubes": [
					{"origin": [1.00724, 6.03335, 7.0696], "size": [1, 4, 0], "uv": [12, 52]}
				]
			},
			{
				"name": "bone13",
				"parent": "bone7",
				"pivot": [0, -5, 0],
				"rotation": [0, -30, 0]
			},
			{
				"name": "bone14",
				"parent": "bone13",
				"pivot": [0, -5, 1.99755],
				"rotation": [15, 0, 0],
				"cubes": [
					{"origin": [-1.2, 6.01974, 7.12036], "size": [2, 4, 0], "uv": [4, 57]}
				]
			},
			{
				"name": "bone16",
				"parent": "bone14",
				"pivot": [-1, -5.06992, 1.99755],
				"rotation": [0, 0, 4.00939],
				"cubes": [
					{"origin": [-2.20578, 6.00553, 7.11936], "size": [1, 4, 0], "uv": [12, 52]}
				]
			},
			{
				"name": "bone17",
				"parent": "bone14",
				"pivot": [1, -5.06992, 1.99755],
				"rotation": [0, 0, -4.00939],
				"cubes": [
					{"origin": [0.80676, 6.0335, 7.12136], "size": [1, 4, 0], "uv": [12, 52]}
				]
			},
			{
				"name": "bone18",
				"parent": "bone7",
				"pivot": [0, -5, 0],
				"rotation": [0, -60, 0]
			},
			{
				"name": "bone19",
				"parent": "bone18",
				"pivot": [0, -5, 1.99755],
				"rotation": [15, 0, 0],
				"cubes": [
					{"origin": [-0.85, 5.99732, 7.20401], "size": [2, 4, 0], "uv": [4, 57]}
				]
			},
			{
				"name": "bone20",
				"parent": "bone19",
				"pivot": [-1, -5.06992, 1.99755],
				"rotation": [0, 0, 4.00939],
				"cubes": [
					{"origin": [-1.85507, 6.00765, 7.20301], "size": [1, 4, 0], "uv": [12, 52]}
				]
			},
			{
				"name": "bone21",
				"parent": "bone19",
				"pivot": [1, -5.06992, 1.99755],
				"rotation": [0, 0, -4.00939],
				"cubes": [
					{"origin": [1.15433, 5.98667, 7.20501], "size": [1, 4, 0], "uv": [12, 52]}
				]
			},
			{
				"name": "bone22",
				"parent": "bone7",
				"pivot": [0, -5, 0],
				"rotation": [0, -90, 0]
			},
			{
				"name": "bone23",
				"parent": "bone22",
				"pivot": [0, -5, 1.99755],
				"rotation": [15, 0, 0],
				"cubes": [
					{"origin": [-1, 6.00773, 7.16519], "size": [2, 4, 0], "uv": [4, 57]}
				]
			},
			{
				"name": "bone24",
				"parent": "bone23",
				"pivot": [-1, -5.06992, 1.99755],
				"rotation": [0, 0, 4.00939],
				"cubes": [
					{"origin": [-2.00543, 6.00754, 7.16419], "size": [1, 4, 0], "uv": [12, 52]}
				]
			},
			{
				"name": "bone25",
				"parent": "bone23",
				"pivot": [1, -5.06992, 1.99755],
				"rotation": [0, 0, -4.00939],
				"cubes": [
					{"origin": [1.00543, 6.00754, 7.16619], "size": [1, 4, 0], "uv": [12, 52]}
				]
			},
			{
				"name": "bone26",
				"parent": "bone7",
				"pivot": [0, -5, 0],
				"rotation": [0, -120, 0]
			},
			{
				"name": "bone27",
				"parent": "bone26",
				"pivot": [0, -5, 1.99755],
				"rotation": [15, 0, 0],
				"cubes": [
					{"origin": [-1.15, 5.99732, 7.20401], "size": [2, 4, 0], "uv": [4, 57]}
				]
			},
			{
				"name": "bone28",
				"parent": "bone27",
				"pivot": [-1, -5.06992, 1.99755],
				"rotation": [0, 0, 4.00939],
				"cubes": [
					{"origin": [-2.15433, 5.98667, 7.20301], "size": [1, 4, 0], "uv": [12, 52]}
				]
			},
			{
				"name": "bone29",
				"parent": "bone27",
				"pivot": [1, -5.06992, 1.99755],
				"rotation": [0, 0, -4.00939],
				"cubes": [
					{"origin": [0.85507, 6.00765, 7.20501], "size": [1, 4, 0], "uv": [12, 52]}
				]
			},
			{
				"name": "bone30",
				"parent": "bone7",
				"pivot": [0, -5, 0],
				"rotation": [0, -150, 0]
			},
			{
				"name": "bone31",
				"parent": "bone30",
				"pivot": [0, -5, 1.99755],
				"rotation": [15, 0, 0],
				"cubes": [
					{"origin": [-0.85, 5.99732, 7.20401], "size": [2, 4, 0], "uv": [4, 57]}
				]
			},
			{
				"name": "bone32",
				"parent": "bone31",
				"pivot": [-1, -5.06992, 1.99755],
				"rotation": [0, 0, 4.00939],
				"cubes": [
					{"origin": [-1.85507, 6.00765, 7.20301], "size": [1, 4, 0], "uv": [12, 52]}
				]
			},
			{
				"name": "bone33",
				"parent": "bone31",
				"pivot": [1, -5.06992, 1.99755],
				"rotation": [0, 0, -4.00939]
			},
			{
				"name": "bone34",
				"parent": "bone7",
				"pivot": [0, -5, 0],
				"rotation": [0, -180, 0]
			},
			{
				"name": "bone35",
				"parent": "bone34",
				"pivot": [0, -5, 1.99755],
				"rotation": [15, 0, 0],
				"cubes": [
					{"origin": [-1, 6.00773, 7.16519], "size": [2, 4, 0], "uv": [4, 57]}
				]
			},
			{
				"name": "bone36",
				"parent": "bone35",
				"pivot": [-1, -5.06992, 1.99755],
				"rotation": [0, 0, 4.00939],
				"cubes": [
					{"origin": [-2.00543, 6.00754, 7.16419], "size": [1, 4, 0], "uv": [12, 52]}
				]
			},
			{
				"name": "bone37",
				"parent": "bone35",
				"pivot": [1, -5.06992, 1.99755],
				"rotation": [0, 0, -4.00939],
				"cubes": [
					{"origin": [1.00543, 6.00754, 7.16619], "size": [1, 4, 0], "uv": [12, 52]}
				]
			},
			{
				"name": "bone38",
				"parent": "bone7",
				"pivot": [0, -5, 0],
				"rotation": [0, -210, 0]
			},
			{
				"name": "bone39",
				"parent": "bone38",
				"pivot": [0, -5, 1.99755],
				"rotation": [15, 0, 0],
				"cubes": [
					{"origin": [-1.15, 5.99732, 7.20401], "size": [2, 4, 0], "uv": [4, 57]}
				]
			},
			{
				"name": "bone40",
				"parent": "bone39",
				"pivot": [-1, -5.06992, 1.99755],
				"rotation": [0, 0, 4.00939]
			},
			{
				"name": "bone41",
				"parent": "bone39",
				"pivot": [1, -5.06992, 1.99755],
				"rotation": [0, 0, -4.00939],
				"cubes": [
					{"origin": [0.85507, 6.00765, 7.20501], "size": [1, 4, 0], "uv": [12, 52]}
				]
			},
			{
				"name": "bone42",
				"parent": "bone7",
				"pivot": [0, -5, 0],
				"rotation": [0, -240, 0]
			},
			{
				"name": "bone43",
				"parent": "bone42",
				"pivot": [0, -5, 1.99755],
				"rotation": [15, 0, 0],
				"cubes": [
					{"origin": [-0.85, 5.99732, 7.20401], "size": [2, 4, 0], "uv": [4, 57]}
				]
			},
			{
				"name": "bone44",
				"parent": "bone43",
				"pivot": [-1, -5.06992, 1.99755],
				"rotation": [0, 0, 4.00939],
				"cubes": [
					{"origin": [-1.85507, 6.00765, 7.20301], "size": [1, 4, 0], "uv": [12, 52]}
				]
			},
			{
				"name": "bone45",
				"parent": "bone43",
				"pivot": [1, -5.06992, 1.99755],
				"rotation": [0, 0, -4.00939],
				"cubes": [
					{"origin": [1.15433, 5.98667, 7.20501], "size": [1, 4, 0], "uv": [12, 52]}
				]
			},
			{
				"name": "bone46",
				"parent": "bone7",
				"pivot": [0, -5, 0],
				"rotation": [0, -270, 0]
			},
			{
				"name": "bone47",
				"parent": "bone46",
				"pivot": [0, -5, 1.99755],
				"rotation": [15, 0, 0],
				"cubes": [
					{"origin": [-1, 6.00773, 7.16519], "size": [2, 4, 0], "uv": [4, 57]}
				]
			},
			{
				"name": "bone48",
				"parent": "bone47",
				"pivot": [-1, -5.06992, 1.99755],
				"rotation": [0, 0, 4.00939],
				"cubes": [
					{"origin": [-2.00543, 6.00754, 7.16419], "size": [1, 4, 0], "uv": [12, 52]}
				]
			},
			{
				"name": "bone49",
				"parent": "bone47",
				"pivot": [1, -5.06992, 1.99755],
				"rotation": [0, 0, -4.00939],
				"cubes": [
					{"origin": [1.00543, 6.00754, 7.16619], "size": [1, 4, 0], "uv": [12, 52]}
				]
			},
			{
				"name": "bone50",
				"parent": "bone7",
				"pivot": [0, -5, 0],
				"rotation": [0, -300, 0]
			},
			{
				"name": "bone51",
				"parent": "bone50",
				"pivot": [0, -5, 1.99755],
				"rotation": [15, 0, 0],
				"cubes": [
					{"origin": [-1.15, 5.99732, 7.20401], "size": [2, 4, 0], "uv": [4, 57]}
				]
			},
			{
				"name": "bone52",
				"parent": "bone51",
				"pivot": [-1, -5.06992, 1.99755],
				"rotation": [0, 0, 4.00939],
				"cubes": [
					{"origin": [-2.15433, 5.98667, 7.20301], "size": [1, 4, 0], "uv": [12, 52]}
				]
			},
			{
				"name": "bone53",
				"parent": "bone51",
				"pivot": [1, -5.06992, 1.99755],
				"rotation": [0, 0, -4.00939],
				"cubes": [
					{"origin": [0.85507, 6.00765, 7.20501], "size": [1, 4, 0], "uv": [12, 52]}
				]
			},
			{
				"name": "bone54",
				"parent": "bone7",
				"pivot": [0, -5, 0],
				"rotation": [0, -330, 0]
			},
			{
				"name": "bone55",
				"parent": "bone54",
				"pivot": [0, -5, 1.99755],
				"rotation": [15, 0, 0],
				"cubes": [
					{"origin": [-0.8, 6.01974, 7.12036], "size": [2, 4, 0], "uv": [4, 57]}
				]
			},
			{
				"name": "bone56",
				"parent": "bone55",
				"pivot": [-1, -5.06992, 1.99755],
				"rotation": [0, 0, 4.00939],
				"cubes": [
					{"origin": [-1.80676, 6.0335, 7.11936], "size": [1, 4, 0], "uv": [12, 52]}
				]
			},
			{
				"name": "bone57",
				"parent": "bone55",
				"pivot": [1, -5.06992, 1.99755],
				"rotation": [0, 0, -4.00939],
				"cubes": [
					{"origin": [1.20578, 6.00553, 7.12136], "size": [1, 4, 0], "uv": [12, 52]}
				]
			},
			{
				"name": "bone99",
				"parent": "sittingRotationSkirt",
				"pivot": [0, 4.5, 0]
			},
			{
				"name": "bone100",
				"parent": "bone99",
				"pivot": [0, -6, 0]
			},
			{
				"name": "bone101",
				"parent": "bone100",
				"pivot": [0, -6, 1.99755],
				"rotation": [15, 0, 0]
			},
			{
				"name": "bone102",
				"parent": "bone101",
				"pivot": [-1, -6.06992, 1.99755],
				"rotation": [0, 0, 4.00939]
			},
			{
				"name": "bone103",
				"parent": "bone101",
				"pivot": [1, -6.06992, 1.99755],
				"rotation": [0, 0, -4.00939]
			},
			{
				"name": "bone181",
				"parent": "bone100",
				"pivot": [0, -6, 1.99755],
				"rotation": [15, 0, 0],
				"cubes": [
					{"origin": [-0.5, 5.25773, 7.16519], "size": [1, 1, 0], "uv": [21, 44]}
				]
			},
			{
				"name": "bone182",
				"parent": "bone181",
				"pivot": [-1, -6.06992, 1.99755],
				"rotation": [0, 0, 4.00939],
				"cubes": [
					{"origin": [-2.02231, 5.49843, 7.12889], "size": [1, 1, 0], "uv": [28, 39]}
				]
			},
			{
				"name": "bone183",
				"parent": "bone181",
				"pivot": [1, -6.06992, 1.99755],
				"rotation": [0, 0, -4.00939],
				"cubes": [
					{"origin": [1.02231, 5.49843, 7.13089], "size": [1, 1, 0], "uv": [28, 39]}
				]
			},
			{
				"name": "bone104",
				"parent": "bone99",
				"pivot": [0, -6, 0],
				"rotation": [0, -30, 0]
			},
			{
				"name": "bone105",
				"parent": "bone104",
				"pivot": [0, -6, 1.99755],
				"rotation": [15, 0, 0]
			},
			{
				"name": "bone106",
				"parent": "bone105",
				"pivot": [-1, -6.06992, 1.99755],
				"rotation": [0, 0, 4.00939]
			},
			{
				"name": "bone107",
				"parent": "bone105",
				"pivot": [1, -6.06992, 1.99755],
				"rotation": [0, 0, -4.00939]
			},
			{
				"name": "bone178",
				"parent": "bone104",
				"pivot": [0, -6, 1.99755],
				"rotation": [15, 0, 0],
				"cubes": [
					{"origin": [-0.5, 5.25773, 7.16519], "size": [1, 1, 0], "uv": [21, 44]}
				]
			},
			{
				"name": "bone179",
				"parent": "bone178",
				"pivot": [-1, -6.06992, 1.99755],
				"rotation": [0, 0, 4.00939],
				"cubes": [
					{"origin": [-2.02231, 5.49843, 7.12889], "size": [1, 1, 0], "uv": [28, 39]}
				]
			},
			{
				"name": "bone180",
				"parent": "bone178",
				"pivot": [1, -6.06992, 1.99755],
				"rotation": [0, 0, -4.00939],
				"cubes": [
					{"origin": [1.02231, 5.49843, 7.13089], "size": [1, 1, 0], "uv": [28, 39]}
				]
			},
			{
				"name": "bone109",
				"parent": "bone99",
				"pivot": [0, -6, 0],
				"rotation": [0, -60, 0]
			},
			{
				"name": "bone110",
				"parent": "bone109",
				"pivot": [0, -6, 1.99755],
				"rotation": [15, 0, 0]
			},
			{
				"name": "bone111",
				"parent": "bone110",
				"pivot": [-0.9, -6.02509, 1.83025],
				"rotation": [0, 0, 4.00939]
			},
			{
				"name": "bone112",
				"parent": "bone110",
				"pivot": [1, -6.06992, 1.99755],
				"rotation": [0, 0, -4.00939]
			},
			{
				"name": "bone175",
				"parent": "bone109",
				"pivot": [0, -6, 1.99755],
				"rotation": [15, 0, 0],
				"cubes": [
					{"origin": [-0.5, 5.25773, 7.16519], "size": [1, 1, 0], "uv": [21, 44]}
				]
			},
			{
				"name": "bone176",
				"parent": "bone175",
				"pivot": [-1, -6.06992, 1.99755],
				"rotation": [0, 0, 4.00939],
				"cubes": [
					{"origin": [-2.02231, 5.49843, 7.12889], "size": [1, 1, 0], "uv": [28, 39]}
				]
			},
			{
				"name": "bone177",
				"parent": "bone175",
				"pivot": [1, -6.06992, 1.99755],
				"rotation": [0, 0, -4.00939],
				"cubes": [
					{"origin": [1.02231, 5.49843, 7.13089], "size": [1, 1, 0], "uv": [28, 39]}
				]
			},
			{
				"name": "bone113",
				"parent": "bone99",
				"pivot": [0, -6, 0],
				"rotation": [0, -90, 0]
			},
			{
				"name": "bone114",
				"parent": "bone113",
				"pivot": [0, -6, 1.99755],
				"rotation": [15, 0, 0]
			},
			{
				"name": "bone115",
				"parent": "bone114",
				"pivot": [-1, -6.06992, 1.99755],
				"rotation": [0, 0, 4.00939]
			},
			{
				"name": "bone116",
				"parent": "bone114",
				"pivot": [1, -6.06992, 1.99755],
				"rotation": [0, 0, -4.00939]
			},
			{
				"name": "bone172",
				"parent": "bone113",
				"pivot": [0, -6, 1.99755],
				"rotation": [15, 0, 0],
				"cubes": [
					{"origin": [-0.5, 5.25773, 7.16519], "size": [1, 1, 0], "uv": [21, 44]}
				]
			},
			{
				"name": "bone173",
				"parent": "bone172",
				"pivot": [-1, -6.06992, 1.99755],
				"rotation": [0, 0, 4.00939],
				"cubes": [
					{"origin": [-2.02231, 5.49843, 7.12889], "size": [1, 1, 0], "uv": [28, 39]}
				]
			},
			{
				"name": "bone174",
				"parent": "bone172",
				"pivot": [1, -6.06992, 1.99755],
				"rotation": [0, 0, -4.00939],
				"cubes": [
					{"origin": [1.02231, 5.49843, 7.13089], "size": [1, 1, 0], "uv": [28, 39]}
				]
			},
			{
				"name": "bone117",
				"parent": "bone99",
				"pivot": [0, -6, 0],
				"rotation": [0, -120, 0]
			},
			{
				"name": "bone118",
				"parent": "bone117",
				"pivot": [0, -6, 1.99755],
				"rotation": [15, 0, 0]
			},
			{
				"name": "bone119",
				"parent": "bone118",
				"pivot": [-1, -6.06992, 1.99755],
				"rotation": [0, 0, 4.00939]
			},
			{
				"name": "bone120",
				"parent": "bone118",
				"pivot": [1, -6.06992, 1.99755],
				"rotation": [0, 0, -4.00939]
			},
			{
				"name": "bone169",
				"parent": "bone117",
				"pivot": [0, -6, 1.99755],
				"rotation": [15, 0, 0],
				"cubes": [
					{"origin": [-0.5, 5.25773, 7.16519], "size": [1, 1, 0], "uv": [21, 44]}
				]
			},
			{
				"name": "bone170",
				"parent": "bone169",
				"pivot": [-1, -6.06992, 1.99755],
				"rotation": [0, 0, 4.00939],
				"cubes": [
					{"origin": [-2.02231, 5.49843, 7.12889], "size": [1, 1, 0], "uv": [28, 39]}
				]
			},
			{
				"name": "bone171",
				"parent": "bone169",
				"pivot": [1, -6.06992, 1.99755],
				"rotation": [0, 0, -4.00939],
				"cubes": [
					{"origin": [1.02231, 5.49843, 7.13089], "size": [1, 1, 0], "uv": [28, 39]}
				]
			},
			{
				"name": "bone121",
				"parent": "bone99",
				"pivot": [0, -6, 0],
				"rotation": [0, -150, 0]
			},
			{
				"name": "bone122",
				"parent": "bone121",
				"pivot": [0, -6, 1.99755],
				"rotation": [15, 0, 0]
			},
			{
				"name": "bone123",
				"parent": "bone122",
				"pivot": [-1, -6.06992, 1.99755],
				"rotation": [0, 0, 4.00939]
			},
			{
				"name": "bone124",
				"parent": "bone122",
				"pivot": [1, -6.06992, 1.99755],
				"rotation": [0, 0, -4.00939]
			},
			{
				"name": "bone166",
				"parent": "bone121",
				"pivot": [0, -6, 1.99755],
				"rotation": [15, 0, 0],
				"cubes": [
					{"origin": [-0.5, 5.25773, 7.16519], "size": [1, 1, 0], "uv": [21, 44]}
				]
			},
			{
				"name": "bone167",
				"parent": "bone166",
				"pivot": [-1, -6.06992, 1.99755],
				"rotation": [0, 0, 4.00939],
				"cubes": [
					{"origin": [-2.02231, 5.49843, 7.12889], "size": [1, 1, 0], "uv": [28, 39]}
				]
			},
			{
				"name": "bone168",
				"parent": "bone166",
				"pivot": [1, -6.06992, 1.99755],
				"rotation": [0, 0, -4.00939],
				"cubes": [
					{"origin": [1.02231, 5.49843, 7.13089], "size": [1, 1, 0], "uv": [28, 39]}
				]
			},
			{
				"name": "bone125",
				"parent": "bone99",
				"pivot": [0, -6, 0],
				"rotation": [0, -180, 0]
			},
			{
				"name": "bone126",
				"parent": "bone125",
				"pivot": [0, -6, 1.99755],
				"rotation": [15, 0, 0],
				"cubes": [
					{"origin": [-0.5, 5.25773, 7.16519], "size": [1, 1, 0], "uv": [21, 44]}
				]
			},
			{
				"name": "bone127",
				"parent": "bone126",
				"pivot": [-1, -6.06992, 1.99755],
				"rotation": [0, 0, 4.00939],
				"cubes": [
					{"origin": [-2.02231, 5.49843, 7.12889], "size": [1, 1, 0], "uv": [28, 39]}
				]
			},
			{
				"name": "bone128",
				"parent": "bone126",
				"pivot": [1, -6.06992, 1.99755],
				"rotation": [0, 0, -4.00939],
				"cubes": [
					{"origin": [1.02231, 5.49843, 7.13089], "size": [1, 1, 0], "uv": [28, 39]}
				]
			},
			{
				"name": "bone129",
				"parent": "bone99",
				"pivot": [0, -6, 0],
				"rotation": [0, -210, 0]
			},
			{
				"name": "bone130",
				"parent": "bone129",
				"pivot": [0, -6, 1.99755],
				"rotation": [15, 0, 0]
			},
			{
				"name": "bone131",
				"parent": "bone130",
				"pivot": [-1, -6.06992, 1.99755],
				"rotation": [0, 0, 4.00939]
			},
			{
				"name": "bone132",
				"parent": "bone130",
				"pivot": [1, -6.06992, 1.99755],
				"rotation": [0, 0, -4.00939]
			},
			{
				"name": "bone134",
				"parent": "bone129",
				"pivot": [0, -6, 1.99755],
				"rotation": [15, 0, 0],
				"cubes": [
					{"origin": [-0.5, 5.25773, 7.16519], "size": [1, 1, 0], "uv": [21, 44]}
				]
			},
			{
				"name": "bone135",
				"parent": "bone134",
				"pivot": [-1, -6.06992, 1.99755],
				"rotation": [0, 0, 4.00939],
				"cubes": [
					{"origin": [-2.02231, 5.49843, 7.12889], "size": [1, 1, 0], "uv": [28, 39]}
				]
			},
			{
				"name": "bone136",
				"parent": "bone134",
				"pivot": [1, -6.06992, 1.99755],
				"rotation": [0, 0, -4.00939],
				"cubes": [
					{"origin": [1.02231, 5.49843, 7.13089], "size": [1, 1, 0], "uv": [28, 39]}
				]
			},
			{
				"name": "bone133",
				"parent": "bone99",
				"pivot": [0, -6, 0],
				"rotation": [0, -240, 0]
			},
			{
				"name": "bone138",
				"parent": "bone133",
				"pivot": [0, -6, 1.99755],
				"rotation": [15, 0, 0],
				"cubes": [
					{"origin": [-0.5, 5.25773, 7.16519], "size": [1, 1, 0], "uv": [21, 44]}
				]
			},
			{
				"name": "bone139",
				"parent": "bone138",
				"pivot": [-1, -6.06992, 1.99755],
				"rotation": [0, 0, 4.00939],
				"cubes": [
					{"origin": [-2.02231, 5.49843, 7.12889], "size": [1, 1, 0], "uv": [28, 39]}
				]
			},
			{
				"name": "bone140",
				"parent": "bone138",
				"pivot": [1, -6.06992, 1.99755],
				"rotation": [0, 0, -4.00939],
				"cubes": [
					{"origin": [1.02231, 5.49843, 7.13089], "size": [1, 1, 0], "uv": [28, 39]}
				]
			},
			{
				"name": "bone137",
				"parent": "bone99",
				"pivot": [0, -6, 0],
				"rotation": [0, -270, 0]
			},
			{
				"name": "bone142",
				"parent": "bone137",
				"pivot": [0, -6, 1.99755],
				"rotation": [15, 0, 0],
				"cubes": [
					{"origin": [-0.5, 5.25773, 7.16519], "size": [1, 1, 0], "uv": [21, 44]}
				]
			},
			{
				"name": "bone143",
				"parent": "bone142",
				"pivot": [-1, -6.06992, 1.99755],
				"rotation": [0, 0, 4.00939],
				"cubes": [
					{"origin": [-2.02231, 5.49843, 7.12889], "size": [1, 1, 0], "uv": [28, 39]}
				]
			},
			{
				"name": "bone144",
				"parent": "bone142",
				"pivot": [1, -6.06992, 1.99755],
				"rotation": [0, 0, -4.00939],
				"cubes": [
					{"origin": [1.02231, 5.49843, 7.13089], "size": [1, 1, 0], "uv": [28, 39]}
				]
			},
			{
				"name": "bone141",
				"parent": "bone99",
				"pivot": [0, -6, 0],
				"rotation": [0, -300, 0]
			},
			{
				"name": "bone146",
				"parent": "bone141",
				"pivot": [0, -6, 1.99755],
				"rotation": [15, 0, 0],
				"cubes": [
					{"origin": [-0.5, 5.25773, 7.16519], "size": [1, 1, 0], "uv": [21, 44]}
				]
			},
			{
				"name": "bone147",
				"parent": "bone146",
				"pivot": [-1, -6.06992, 1.99755],
				"rotation": [0, 0, 4.00939],
				"cubes": [
					{"origin": [-2.02231, 5.49843, 7.12889], "size": [1, 1, 0], "uv": [28, 39]}
				]
			},
			{
				"name": "bone148",
				"parent": "bone146",
				"pivot": [1, -6.06992, 1.99755],
				"rotation": [0, 0, -4.00939],
				"cubes": [
					{"origin": [1.02231, 5.49843, 7.13089], "size": [1, 1, 0], "uv": [28, 39]}
				]
			},
			{
				"name": "bone145",
				"parent": "bone99",
				"pivot": [0, -6, 0],
				"rotation": [0, -330, 0]
			},
			{
				"name": "bone163",
				"parent": "bone145",
				"pivot": [0, -6, 1.99755],
				"rotation": [15, 0, 0],
				"cubes": [
					{"origin": [-0.5, 5.25773, 7.16519], "size": [1, 1, 0], "uv": [21, 44]}
				]
			},
			{
				"name": "bone164",
				"parent": "bone163",
				"pivot": [-1, -6.06992, 1.99755],
				"rotation": [0, 0, 4.00939],
				"cubes": [
					{"origin": [-2.02231, 5.49843, 7.12889], "size": [1, 1, 0], "uv": [28, 39]}
				]
			},
			{
				"name": "bone165",
				"parent": "bone163",
				"pivot": [1, -6.06992, 1.99755],
				"rotation": [0, 0, -4.00939],
				"cubes": [
					{"origin": [1.02231, 5.49843, 7.13089], "size": [1, 1, 0], "uv": [28, 39]}
				]
			},
			{
				"name": "legLeft",
				"pivot": [2, 9, 0],
				"cubes": [
					{"origin": [0.249, 0.1, -1.25], "size": [2.5, 8.4, 2.5], "uv": [0, 30], "mirror": true},
					{"origin": [0.149, 0, -1.35], "size": [2.7, 1.5, 2.7], "uv": [22, 55], "mirror": true}
				]
			},
			{
				"name": "legRight",
				"pivot": [-2, 9, 0.25],
				"cubes": [
					{"origin": [-2.749, 0.1, -1.25], "size": [2.5, 8.4, 2.5], "uv": [0, 30]},
					{"origin": [-2.851, 0, -1.35], "size": [2.7, 1.5, 2.7], "uv": [22, 55], "mirror": true}
				]
			},
			{
				"name": "bone159",
				"parent": "legRight",
				"pivot": [-1.5, 2.5, -1.35],
				"rotation": [0, 0, 45],
				"cubes": [
					{"origin": [-2, 2, -1.35], "size": [1, 1, 0], "uv": [32, 55]},
					{"origin": [-2, 2, 1.35], "size": [1, 1, 0], "uv": [32, 55]}
				]
			},
			{
				"name": "bone160",
				"parent": "bone159",
				"pivot": [-2.41924, 1.58076, -0.05],
				"rotation": [90, 45, 45],
				"cubes": [
					{"origin": [-2.91924, 1.08076, -0.05], "size": [1, 1, 0], "uv": [32, 55]},
					{"origin": [-2.91924, 1.08076, 2.55], "size": [1, 1, 0], "uv": [32, 55]}
				]
			},
			{
				"name": "tail",
				"pivot": [0, 10, 4.75]
			},
			{
				"name": "tailIn",
				"parent": "tail",
				"pivot": [0, 8.75, 4],
				"rotation": [-47.5, 0, 0],
				"cubes": [
					{"origin": [-1, 9.06696, 3.32027], "size": [2, 2, 5], "uv": [56, 16]}
				]
			}
		]
	}
}