{
	"format_version": "1.10.0",
	"geometry.model": {
		"texturewidth": 128,
		"textureheight": 128,
		"visible_bounds_width": 3,
		"visible_bounds_height": 4,
		"visible_bounds_offset": [0, 1, 0],
		"bones": [
			{
				"name": "head",
				"pivot": [0, 17, 0],
				"cubes": [
					{"origin": [-4, 16.95, -4], "size": [8, 8, 8], "uv": [32, 0]},
					{"origin": [-4.25, 16.7, -4.25], "size": [8.5, 8.5, 8.5], "uv": [0, 0], "inflate": 0.1}
				]
			},
			{
				"name": "blink",
				"parent": "head",
				"pivot": [0, 18.25, 0],
				"cubes": [
					{"origin": [-4, 16.95, -4.02], "size": [8, 5, 0], "uv": [0, 0]}
				]
			},
			{
				"name": "hair",
				"parent": "head",
				"pivot": [-0.25, 17.25, 2.75]
			},
			{
				"name": "left",
				"parent": "hair",
				"pivot": [-0.25, 17.25, 2.75]
			},
			{
				"name": "bone6",
				"parent": "left",
				"pivot": [-0.25, 17.25, 2.75]
			},
			{
				"name": "bone8",
				"parent": "bone6",
				"pivot": [4.45, 22.25, 2.25],
				"rotation": [0, 0, -5],
				"cubes": [
					{"origin": [3.55, 22.5, 1.75], "size": [1, 2.4, 2], "uv": [0, 30], "inflate": 0.2}
				]
			},
			{
				"name": "bone3",
				"parent": "bone8",
				"pivot": [5.45, 21.5, 1.85],
				"rotation": [0, 0, -37.5],
				"cubes": [
					{"origin": [5.45, 18.5, 3.85], "size": [1, 6, 0], "uv": [6, 43]}
				]
			},
			{
				"name": "bone4",
				"parent": "left",
				"pivot": [5.35, 18.7, 3.5],
				"rotation": [0, 0, -15],
				"cubes": [
					{"origin": [4.82658, 13.84435, 1.7], "size": [2, 11, 2], "uv": [34, 16], "mirror": true},
					{"origin": [4.82658, 13.84435, 1.7], "size": [2, 11, 2], "uv": [0, 73], "inflate": 0.2, "mirror": true}
				]
			},
			{
				"name": "right",
				"parent": "hair",
				"pivot": [0.25, 17.25, 2.75]
			},
			{
				"name": "bone5",
				"parent": "right",
				"pivot": [0.25, 17.25, 2.75]
			},
			{
				"name": "bone7",
				"parent": "bone5",
				"pivot": [-4.45, 22.25, 2.25],
				"rotation": [0, 0, 5],
				"cubes": [
					{"origin": [-4.55, 22.5, 1.75], "size": [1, 2.4, 2], "uv": [0, 30], "inflate": 0.2, "mirror": true}
				]
			},
			{
				"name": "bone11",
				"parent": "bone7",
				"pivot": [-5.45, 21.5, 1.85],
				"rotation": [0, 0, 37.5],
				"cubes": [
					{"origin": [-6.45, 18.5, 3.85], "size": [1, 6, 0], "uv": [6, 43], "mirror": true}
				]
			},
			{
				"name": "bone12",
				"parent": "right",
				"pivot": [-5.35, 18.7, 3.5],
				"rotation": [0, 0, 15],
				"cubes": [
					{"origin": [-6.82658, 13.84435, 1.7], "size": [2, 11, 2], "uv": [34, 16]},
					{"origin": [-6.82658, 13.84435, 1.7], "size": [2, 11, 2], "uv": [0, 73], "inflate": 0.2}
				]
			},
			{
				"name": "armRight",
				"pivot": [-2.95, 16.8, 0],
				"rotation": [0, 0, 25],
				"cubes": [
					{"origin": [-4.93779, 8.89705, -1], "size": [2, 7.35, 2], "uv": [52, 16], "mirror": true},
					{"origin": [-4.93779, 8.39705, -1], "size": [2, 7.35, 2], "uv": [73, 20], "inflate": 0.2, "mirror": true}
				]
			},
			{
				"name": "armLeft",
				"pivot": [2.9, 16.75, 0],
				"rotation": [0, 0, -25],
				"cubes": [
					{"origin": [2.84018, 8.80784, -1], "size": [2, 7.35, 2], "uv": [52, 16]},
					{"origin": [2.84018, 8.30784, -1], "size": [2, 7.35, 2], "uv": [73, 20], "inflate": 0.2}
				]
			},
			{
				"name": "body",
				"pivot": [0, 10.5, 0],
				"cubes": [
					{"origin": [-3, 8.199, -2], "size": [6, 8.5, 4], "uv": [66, 2]},
					{"origin": [-3, 8.199, -2], "size": [6, 8.5, 4], "uv": [50, 31], "inflate": 0.2},
					{"origin": [-1, 16.199, -1], "size": [2, 1.5, 2], "uv": [62, 14]}
				]
			},
			{
				"name": "legLeft",
				"pivot": [2, 9, 0],
				"cubes": [
					{"origin": [0.249, 2, -1.5], "size": [2.5, 6.5, 2.5], "uv": [26, 16]}
				]
			},
			{
				"name": "bone41",
				"parent": "legLeft",
				"pivot": [2, 9, 0],
				"cubes": [
					{"origin": [0.25, 0, -2], "size": [2.5, 2, 3], "uv": [25, 54]},
					{"origin": [0, 2, -1.75], "size": [3, 2, 3], "uv": [24, 62]}
				]
			},
			{
				"name": "legRight",
				"pivot": [-2, 9, 0],
				"cubes": [
					{"origin": [-2.749, 2, -1.5], "size": [2.5, 6.5, 2.5], "uv": [18, 16]}
				]
			},
			{
				"name": "bone2",
				"parent": "legRight",
				"pivot": [-2, 9, 0],
				"cubes": [
					{"origin": [-2.75, 0, -2], "size": [2.5, 2, 3], "uv": [25, 54], "mirror": true},
					{"origin": [-3, 2, -1.75], "size": [3, 2, 3], "uv": [24, 62], "mirror": true}
				]
			},
			{
				"name": "backpackPositioningBone",
				"pivot": [0, 16, 0]
			}
		]
	}
}