{
	"format_version": "1.10.0",
	"geometry.model": {
		"texturewidth": 64,
		"textureheight": 64,
		"visible_bounds_width": 3,
		"visible_bounds_height": 4,
		"visible_bounds_offset": [0, 1, 0],
		"bones": [
			{
				"name": "head",
				"pivot": [0, 17.95, 0],
				"cubes": [
					{"origin": [-4, 17.95, -4], "size": [8, 7, 8], "uv": [0, 31]}
				]
			},
			{
				"name": "blink",
				"parent": "head",
				"pivot": [0, 19.25, 0],
				"cubes": [
					{"origin": [-4, 17.95, -4.001], "size": [8, 8, 0], "uv": [0, 46]}
				]
			},
			{
				"name": "hair",
				"parent": "head",
				"pivot": [0, -0.5, 0]
			},
			{
				"name": "bone",
				"parent": "hair",
				"pivot": [0, -0.5, 0],
				"cubes": [
					{"origin": [-4.25, 17.7, -4.25], "size": [8.5, 8.5, 8.5], "uv": [0, 13]}
				]
			},
			{
				"name": "bone3",
				"parent": "hair",
				"pivot": [0.25, -0.5, 0]
			},
			{
				"name": "bone4",
				"parent": "bone3",
				"pivot": [-4.5, 17.5, -0.5],
				"rotation": [-27.85442, -55.56139, 22.91447],
				"cubes": [
					{"origin": [-5.73955, 16.92143, -2], "size": [2.25, 3, 2.25], "uv": [33, 31]}
				]
			},
			{
				"name": "bone11",
				"parent": "bone4",
				"pivot": [-5.31066, 16.32322, -1.17678],
				"rotation": [-17.76204, 36.26059, -48.51215],
				"cubes": [
					{"origin": [-5.89702, 15.94836, -2.20146], "size": [2, 2, 2], "uv": [36, 8]}
				]
			},
			{
				"name": "bone10",
				"parent": "bone4",
				"pivot": [-7.04988, 15.31251, -1.375],
				"rotation": [106.85041, -60.46333, -84.41516],
				"cubes": [
					{"origin": [-8.31074, 15.29711, -2.99892], "size": [2, 2, 1], "uv": [1, 58]}
				]
			},
			{
				"name": "bone13",
				"parent": "bone4",
				"pivot": [-6.00892, 14.07498, -1.77349],
				"rotation": [106.34587, -47.583, -89.71723],
				"cubes": [
					{"origin": [-7.29133, 13.52838, -2.54676], "size": [2, 2, 1], "uv": [1, 58]}
				]
			},
			{
				"name": "bone6",
				"parent": "bone3",
				"pivot": [-2.5, 19.5, 4],
				"rotation": [-8.75301, 2.97043, 2.95183],
				"cubes": [
					{"origin": [-4.2376, 17.41652, 2.67095], "size": [2, 5, 2], "uv": [0, 13]}
				]
			},
			{
				"name": "bone7",
				"parent": "bone3",
				"pivot": [-3.50882, 20.96225, 2.31581],
				"rotation": [-122.60638, 75.02851, -122.88986],
				"cubes": [
					{"origin": [-5.2605, 18.0979, 1.22495], "size": [3, 5, 2], "uv": [50, 8]}
				]
			},
			{
				"name": "bone8",
				"parent": "bone3",
				"pivot": [-5.72487, 18.93306, 3.55806],
				"rotation": [0, 0, 50],
				"cubes": [
					{"origin": [-7.05698, 18.39017, 0.93306], "size": [1, 3, 0], "uv": [8, 4]}
				]
			},
			{
				"name": "bone9",
				"parent": "bone3",
				"pivot": [-3.00882, 20.46225, 0.31581],
				"rotation": [-15.59365, 0.69124, 4.91275],
				"cubes": [
					{"origin": [-5.15192, 17.96654, -0.39775], "size": [3, 5, 2], "uv": [24, 13]}
				]
			},
			{
				"name": "bone12",
				"parent": "bone3",
				"pivot": [-3.50882, 20.46225, -0.68419],
				"rotation": [3.34629, -2.73313, 5.87754],
				"cubes": [
					{"origin": [-4.98975, 17.93893, -1.28532], "size": [3, 5, 2], "uv": [16, 46]}
				]
			},
			{
				"name": "bone14",
				"parent": "hair",
				"pivot": [-0.5, 19.25, 0],
				"rotation": [17.43745, 1.50179, 175.23032]
			},
			{
				"name": "bone15",
				"parent": "bone14",
				"pivot": [-5.25, 15.25, -0.5],
				"rotation": [-27.85442, -55.56139, 22.91447],
				"cubes": [
					{"origin": [-6.83136, 18.18081, -2.61639], "size": [2.25, 3, 2.25], "uv": [33, 31]}
				]
			},
			{
				"name": "bone16",
				"parent": "bone15",
				"pivot": [-6.80008, 21.3469, -1.79921],
				"rotation": [-15.70527, -9.04595, -74.28398],
				"cubes": [
					{"origin": [-7.80008, 20.3469, -2.79921], "size": [2, 2, 2], "uv": [36, 8]}
				]
			},
			{
				"name": "bone17",
				"parent": "bone15",
				"pivot": [-8.07189, 22.69671, -2.1395],
				"rotation": [-115.95829, 12.32768, 27.06941],
				"cubes": [
					{"origin": [-8.27071, 20.97759, -2.39594], "size": [2, 2, 1], "uv": [1, 58]}
				]
			},
			{
				"name": "bone18",
				"parent": "bone15",
				"pivot": [-8.11431, 23.94309, -3.10742],
				"rotation": [-96.30289, 32.70687, 65.38722],
				"cubes": [
					{"origin": [-8.66228, 22.44688, -3.69994], "size": [2, 2, 1], "uv": [1, 58]}
				]
			},
			{
				"name": "bone19",
				"parent": "bone14",
				"pivot": [-3.264, 17.08994, 3.84449],
				"rotation": [-16.25301, 2.97043, 2.95183],
				"cubes": [
					{"origin": [-5.0016, 15.00646, 2.51544], "size": [2, 5, 2], "uv": [0, 13]}
				]
			},
			{
				"name": "bone20",
				"parent": "bone14",
				"pivot": [-4.25882, 18.71225, 2.31581],
				"rotation": [-121.21354, 75.90162, -115.98571],
				"cubes": [
					{"origin": [-6.25271, 15.66456, 1.2542], "size": [3, 5, 2], "uv": [50, 8]}
				]
			},
			{
				"name": "bone21",
				"parent": "bone14",
				"pivot": [-6.40774, 18.80793, 3.40681],
				"rotation": [16.88537, -16.50355, 121.44363],
				"cubes": [
					{"origin": [-7.73985, 18.01503, 0.78181], "size": [1, 3, 0], "uv": [8, 4]}
				]
			},
			{
				"name": "bone23",
				"parent": "bone14",
				"pivot": [-3.73916, 18.43692, -0.39947],
				"rotation": [-13.92736, 2.83741, -0.1826],
				"cubes": [
					{"origin": [-5.96423, 15.86591, -0.92828], "size": [3, 5, 2], "uv": [24, 13]}
				]
			},
			{
				"name": "bone24",
				"parent": "bone14",
				"pivot": [-4.73726, 18.4805, -1.39947],
				"rotation": [-28.23517, -7.85528, -3.78966],
				"cubes": [
					{"origin": [-6.23726, 15.9805, -2.39947], "size": [3, 5, 2], "uv": [16, 46]}
				]
			},
			{
				"name": "hat",
				"parent": "head",
				"pivot": [0.15, 25.3, 1.45],
				"rotation": [-5, 0, 0],
				"cubes": [
					{"origin": [-5.85, 22.8, -5.55], "size": [12, 1, 12], "uv": [0, 0]},
					{"origin": [-4.34009, 23.78352, -4.09286], "size": [9, 2.1, 9], "uv": [23, 20]},
					{"origin": [-3.34009, 25.78352, -4.09286], "size": [7, 1, 9], "uv": [32, 31]},
					{"origin": [-3.34009, 26.78352, -3.09286], "size": [7, 1, 7], "uv": [36, 0]},
					{"origin": [-4.34009, 25.78352, -3.09286], "size": [1, 1, 7], "uv": [41, 8]},
					{"origin": [3.65991, 25.78352, -3.09286], "size": [1, 1, 7], "uv": [24, 31]}
				]
			},
			{
				"name": "bone2",
				"parent": "hat",
				"pivot": [0.15, 25.3, 1.45]
			},
			{
				"name": "flower",
				"parent": "hat",
				"pivot": [0.15, 25.3, 1.45]
			},
			{
				"name": "bone25",
				"parent": "flower",
				"pivot": [-4.875, 26.55381, -2.66284],
				"rotation": [0, -19.5, 10],
				"cubes": [
					{"origin": [-4.75, 24.05381, -6.16284], "size": [0, 6, 7], "uv": [23, 51]},
					{"origin": [-5, 24.05381, -6.16284], "size": [0, 5, 7], "uv": [39, 52]}
				]
			},
			{
				"name": "armRight",
				"pivot": [-3.75, 17.25, 0],
				"rotation": [0, 0, 25],
				"cubes": [
					{"origin": [-5.47176, 10.07796, -1], "size": [2, 7.35, 2], "uv": [14, 53]}
				]
			},
			{
				"name": "armLeft",
				"pivot": [3.75, 17.25, 0],
				"rotation": [0, 0, -25],
				"cubes": [
					{"origin": [3.47176, 10.07796, -1], "size": [2, 7.35, 2], "uv": [50, 46]},
					{"origin": [3.06972, 11.6815, -1.5], "size": [2.75, 0.5, 3], "uv": [55, 33]}
				]
			},
			{
				"name": "body",
				"pivot": [0, 11.5, 0],
				"cubes": [
					{"origin": [-3, 9.199, -2.5], "size": [6, 8.5, 5], "uv": [27, 42]}
				]
			},
			{
				"name": "bone51",
				"parent": "body",
				"pivot": [0, 10, 0],
				"rotation": [0, -22.5, 0]
			},
			{
				"name": "bone5",
				"parent": "bone51",
				"pivot": [0, -3, 0]
			},
			{
				"name": "bone26",
				"parent": "bone51",
				"pivot": [0, 9.2, 0]
			},
			{
				"name": "bone27",
				"parent": "bone26",
				"pivot": [0, 9.2, 0]
			},
			{
				"name": "bone28",
				"parent": "bone27",
				"pivot": [0, 9.2, 3.41421],
				"rotation": [60, 0, 0]
			},
			{
				"name": "bone29",
				"parent": "bone28",
				"pivot": [0, 9.2, 3.41421],
				"rotation": [0, -45, 0],
				"cubes": [
					{"origin": [-1.14931, 8.40003, 2.4002], "size": [2, 3, 2], "uv": [55, 59]}
				]
			},
			{
				"name": "bone30",
				"parent": "bone26",
				"pivot": [0, 9.2, 0],
				"rotation": [0, -45, 0]
			},
			{
				"name": "bone31",
				"parent": "bone30",
				"pivot": [0, 9.2, 3.41421],
				"rotation": [60, 0, 0]
			},
			{
				"name": "bone32",
				"parent": "bone31",
				"pivot": [0, 9.2, 3.41421],
				"rotation": [0, -45, 0],
				"cubes": [
					{"origin": [-1, 8.2, 2.41421], "size": [2, 3, 2], "uv": [55, 59]}
				]
			},
			{
				"name": "bone33",
				"parent": "bone26",
				"pivot": [0, 9.2, 0],
				"rotation": [0, -90, 0]
			},
			{
				"name": "bone34",
				"parent": "bone33",
				"pivot": [0, 9.2, 3.41421],
				"rotation": [60, 0, 0]
			},
			{
				"name": "bone35",
				"parent": "bone34",
				"pivot": [0, 9.2, 3.41421],
				"rotation": [0, -45, 0],
				"cubes": [
					{"origin": [-1, 8.2, 2.41421], "size": [2, 3, 2], "uv": [55, 59]}
				]
			},
			{
				"name": "bone36",
				"parent": "bone26",
				"pivot": [0, 9.2, 0],
				"rotation": [0, -135, 0]
			},
			{
				"name": "bone37",
				"parent": "bone36",
				"pivot": [0, 9.2, 3.41421],
				"rotation": [60, 0, 0]
			},
			{
				"name": "bone38",
				"parent": "bone37",
				"pivot": [0, 9.2, 3.41421],
				"rotation": [0, -45, 0],
				"cubes": [
					{"origin": [-1.02802, 8.60005, 2.11559], "size": [2, 3, 2], "uv": [55, 59]}
				]
			},
			{
				"name": "bone39",
				"parent": "bone26",
				"pivot": [0, 9.2, 0],
				"rotation": [0, -180, 0]
			},
			{
				"name": "bone40",
				"parent": "bone39",
				"pivot": [0, 9.2, 3.41421],
				"rotation": [60, 0, 0]
			},
			{
				"name": "bone41",
				"parent": "bone40",
				"pivot": [0, 9.2, 3.41421],
				"rotation": [0, -45, 0],
				"cubes": [
					{"origin": [-1.29862, 8.60005, 2.38619], "size": [2, 3, 2], "uv": [55, 59]}
				]
			},
			{
				"name": "bone42",
				"parent": "bone26",
				"pivot": [0, 9.2, 0],
				"rotation": [0, -225, 0]
			},
			{
				"name": "bone43",
				"parent": "bone42",
				"pivot": [0, 9.2, 3.41421],
				"rotation": [60, 0, 0]
			},
			{
				"name": "bone44",
				"parent": "bone43",
				"pivot": [0, 9.2, 3.41421],
				"rotation": [0, -45, 0],
				"cubes": [
					{"origin": [-1, 8.2, 2.41421], "size": [2, 3, 2], "uv": [55, 59]}
				]
			},
			{
				"name": "bone45",
				"parent": "bone26",
				"pivot": [0, 9.2, 0],
				"rotation": [0, -270, 0]
			},
			{
				"name": "bone46",
				"parent": "bone45",
				"pivot": [0, 9.2, 3.41421],
				"rotation": [60, 0, 0]
			},
			{
				"name": "bone47",
				"parent": "bone46",
				"pivot": [0, 9.2, 3.41421],
				"rotation": [0, -45, 0],
				"cubes": [
					{"origin": [-1, 8.2, 2.41421], "size": [2, 3, 2], "uv": [55, 59]}
				]
			},
			{
				"name": "bone48",
				"parent": "bone26",
				"pivot": [0, 9.2, 0],
				"rotation": [0, -315, 0]
			},
			{
				"name": "bone49",
				"parent": "bone48",
				"pivot": [0, 9.2, 3.41421],
				"rotation": [60, 0, 0]
			},
			{
				"name": "bone50",
				"parent": "bone49",
				"pivot": [0, 9.2, 3.41421],
				"rotation": [0, -45, 0],
				"cubes": [
					{"origin": [-1.01401, 8.40003, 2.2649], "size": [2, 3, 2], "uv": [55, 59]}
				]
			},
			{
				"name": "bone22",
				"parent": "body",
				"pivot": [0, 11.5, 0]
			},
			{
				"name": "legLeft",
				"pivot": [1.5, 8.5, 0],
				"cubes": [
					{"origin": [0.249, 0, -1.5], "size": [2.5, 9.5, 2.5], "uv": [0, 0]},
					{"origin": [-0.001, 7.2, -1.75], "size": [3, 2, 3], "uv": [50, 16]}
				]
			},
			{
				"name": "legRight",
				"pivot": [-1.5, 8.5, 0],
				"cubes": [
					{"origin": [-2.749, 0, -1.5], "size": [2.5, 9.5, 2.5], "uv": [0, 0]},
					{"origin": [-3.001, 7.2, -1.75], "size": [3, 2, 3], "uv": [44, 41]}
				]
			}
		]
	}
}